Artist,Auction date,Auction house,Auction house / Location,Auction title,Category,Date of creation,Distinguishing marks,Edition,Estimate,Exhibition,Hammer price,High estimate,Illustrations,Location,Lot number,Low estimate,Medium,Notes,Price including buyer's premium with/without taxes,Provenance,Qty,Size,Title
ZHAN Wang (1962) ,2017-12-04,,"Beijing Council International Auctions 23F, Tower 1A, Wang jing SOHO, No.1 Futong East Avenue北京市 朝阳区 阜通东大街1号院Chaoyang District (朝阳区)100102 BeijingChina",Contemporary art (当代艺术),Sculpture-Volume,2006,Signed,2 / 4,,,,,P. 50 of the catalogue,,3923,,Stainless steel,,,Private Asian collection,,"[30.0, 14.0, 86.0, 'cm']",97 # (97 #)
ZHAN Wang (1962) ,2017-11-15,,Phillips 450 Park Avenue10022 New York NYUnited States,20th Century & Contemporary Art Day Sale - Afternoon Session,Sculpture-Volume,2001,Signed dated “Zhan Wang 2001” / verso,1 / 4,,,100000.0,200000.0,P. 111 of the catalogue,,363,150000.0,Stainless steel,,125000.0,"Private Collection, New York; Sotheby’s, New York, May 13, 2009, lot 471; Acquired at the above sale by the present owner",,"[210.2, 165.1, 194.9, 'cm']","""Artifcial Rock No. 40"""
ZHAN Wang (1962) ,2017-12-19,,"China Guardian Auctions Co., Ltd. 2-603Henderson CenterNo.18 Jianguomen Nei Street100005 BeijingChina",Contemporary Art Evening Sale (当代艺术夜场),Sculpture-Volume,1990,,3 / 8,,,514895.0,424031.0,P. 153 of the catalogue,,2088,272591.0,Bronze (coloured),,592129.0,,,"[130.0, 49.0, 110.0, 'cm']",Sitting girl (坐着的女孩)
ZHAN Wang (1962) ,2015-10-05,Sotheby's 5/F One Pacific Place88 QueenswayHong KongHong Kong,,Contemporary Asian Art,Sculpture-Volume,2006,,2 / 4,,,90300.0,129000.0,P. 143 of the catalogue,"Suites 3101-3106, 31F One Pacific Place88 QueenswayHong KongHong Kong",808,90300.0,Stainless steel,,112875.0,,,"[100.0, 64.0, 36.0, 'cm']",Artificial Rock No. 96
ZHAN Wang (1962) ,2015-06-14,,"Zhong Cheng Auctions Co.Ltd N.92-7, sec.1, Fusing S.RdDa-an District106 TaipeiTaiwan, Republic of China",Modern and Contemporary Art,Sculpture-Volume,2007,Signed Title,1 / 4,,,51888.0,64860.0,P. 193 of the catalogue,,102,51888.0,Stainless steel,,61227.0,,,"[33.0, 49.0, 57.0, 'cm']","""Artifical Rock A-63"""
ZHAN Wang (1962) ,2015-10-03,,"Bonhams Suite 2001, One Pacific Place,88 Queensway AdmiraltyHong KongHong Kong",Modern & Contemporary Art,Painting,2012,Signed dated 2011-2012,,,,,122550.0,P. 191 of the catalogue,,85,83850.0,Mixed media/mirror sheet,"Taipei Fine Art Museum, 2015",,,,"[127.0, 89.0, 8.0, 'cm']",Universe 20
ZHAN Wang (1962) ,2016-06-05,"Ravenel International Art Group 15F-2, NO. 76, Sec.2,Tun-Hwa S. Rd.,Taipei 106, Taiwan10683 TaipeiTaiwan, Republic of China",,Ravenel Spring Auction 2016 Taipei Modern and Contemporary Asian Art,Sculpture-Volume,2006,"Inscr. Dated ""Zhan Wang #76, 2006""",3 / 4,,,154450.0,247120.0,P. 121 of the catalogue,"Fubon International Conference Center B2, No.108, Section 1Tun-Hwa South RoadTaipeiTaiwan, Republic of China",267,185340.0,Stainless steel/wooden base,,185340.0,,,"[131.0, 38.0, 49.0, 'cm']",Artificial Rock No. 76 [假山石系列＃76]
ZHAN Wang (1962) ,2015-06-21,"Shanghai Mission Auction No.935, Zaoyang RoadPutuo District200062 ShanghaiChina",,Modern And Contemporary Art,Sculpture-Volume,2003,,,,,,98640.0,P. 35 of the catalogue,Regal Internationaal East Asia Hotel 516 Hengshan RoadShanghaiChina,412,65760.0,Steel,,,,,"[102.0, 56.0, 77.0, 'cm']",Artificial rock(假山石)
ZHAN Wang (1962) ,2015-12-06,,"Ravenel International Art Group 15F-2, NO. 76, Sec.2,Tun-Hwa S. Rd.,Taipei 106, Taiwan10683 TaipeiTaiwan, Republic of China",Modern And Contemporary Asian Art,Sculpture-Volume,2000,Signed Dated,,,,125519.0,219658.0,P. 119 of the catalogue,,157,156898.0,Stainless steel,,150622.0,,,"[84.0, 180.0, 130.0, 'cm']",Artificial farden rock No.13
ZHAN Wang (1962) ,2015-11-29,"Ravenel International Art Group Room 1307A, 13/FKodak House II,39 Healthy Street East, North Point,Hong KongHong Kong",,Modern & Contemporary Art,Sculpture-Volume,2003,"Inscr. Dated ""Zhan Wang #61 2003""",1 / 8,,,,180600.0,P. 129 of the catalogue,Grand Hyatt Hong Kong 1 Harbour RoadWanchaiHong KongHong Kong,55,116100.0,Stainless steel,,,,,"[84.0, 15.0, 51.0, 'cm']",Artificial Rock No. 61
ZHAN Wang (1962) ,2016-05-29,Christie's 22nd floor Alexandra House18 Chater Road CentralHong KongHong Kong,,Asian Contemporary Art,Sculpture-Volume,2008,Signed dated,1 / 4,,,,386400.0,P. 136 of the catalogue,Convention Hall Hong Kong Convention and Exhibition CentreNo 1 Harbour RoudWanchaiHong KongHong Kong,197,257600.0,Stainless steel,,,,,"[396.0, 140.0, 230.0, 'cm']",Artificial Rock No. 43
ZHAN Wang (1962) ,2016-05-14,,"China Guardian Auctions Co., Ltd. 2-603Henderson CenterNo.18 Jianguomen Nei Street100005 BeijingChina",20th Century & Contemporary Art,Sculpture-Volume,2007,Signed dated,4 / 4,,,45990.0,61320.0,,,54,45990.0,Stainless steel,,52888.0,,,"[50.0, 101.0, 47.0, 'cm']",Artificial Rock (赈灾石 )
ZHAN Wang (1962) ,2015-12-06,,"Ravenel International Art Group 15F-2, NO. 76, Sec.2,Tun-Hwa S. Rd.,Taipei 106, Taiwan10683 TaipeiTaiwan, Republic of China",Modern And Contemporary Asian Art,Painting,2012,Signed Stamp lower right,,,,87864.0,144348.0,P. 124-125 of the catalogue,,159,112968.0,Mixed media,,105436.0,,,"[59.0, 76.0, 15.5, 'cm']",Universe 23
ZHAN Wang (1962) ,2016-05-29,Christie's 22nd floor Alexandra House18 Chater Road CentralHong KongHong Kong,,Asian Contemporary Art,Sculpture-Volume,2005,Signed dated,3 / 8,,,54096.0,64400.0,P. 138 of the catalogue,Convention Hall Hong Kong Convention and Exhibition CentreNo 1 Harbour RoudWanchaiHong KongHong Kong,198,38640.0,Stainless steel,,67620.0,,,"[95.0, 80.0, 63.0, 'cm']",Artificial Rock
ZHAN Wang (1962) ,2016-05-10,,Phillips 450 Park Avenue10022 New York NYUnited States,20th Century & Contemporary Art Day Sale,Sculpture-Volume,2011,"Signed dated Title “84 #""",3 / 4,,,,120000.0,P. 211 of the catalogue,,246,80000.0,Steel,,,,,"[80.0, 63.5, 29.2, 'cm']",Artifcial Rock #84
ZHAN Wang (1962) ,2015-10-05,"Poly Auction Hong Kong Suites 701-708, 7/F, One Pacific Place88 Queensway, AdmiraltyHong KongHong Kong",,Chinese and Asian Modern and Contemporary Art,Sculpture-Volume,2006,Signed,3 / 4,,,154800.0,232200.0,P. 119 of the catalogue,Grand Hyatt Hong Kong1 Harbour RoadHong KongHong Kong,142,154800.0,Stainless steel/wooden base,,182664.0,,,"[51.0, 33.0, 105.0, 'cm']",Artificial Rock No. 94 (假山石第94號)
ZHAN Wang (1962) ,2017-06-11,"Zhong Cheng Auctions Co.Ltd N.92-7, sec.1, Fusing S.RdDa-an District106 TaipeiTaiwan, Republic of China",,Modern and Contemporary Art,Sculpture-Volume,2003,Signed dated,2 / 4,,,79680.0,106240.0,P. 115 of the catalogue,"Fubon International Conference Center B2, No.108, Section 1Tun-Hwa South RoadTaipeiTaiwan, Republic of China",178,83000.0,Stainless steel,,95616.0,,,"[77.0, 102.0, 56.0, 'cm']",Artificial Rock (假山石)
ZHAN Wang (1962) ,2018-04-01,,Sotheby's 5/F One Pacific Place88 QueenswayHong KongHong Kong,Contemporary Art Day Sale,Sculpture-Volume,2002,Signed dated 2002,2 / 3,,,57344.0,70087.0,P. 95 of the catalogue,,570,57344.0,Stainless steel,,71680.0,"LOFT Gallery, Beijing/Paris; Acquired by the present owner from the above",,"[123.0, 60.0, 35.0, 'cm']",Artificial Rock No. 77
ZHAN Wang (1962) ,2017-06-18,"JSL Art International Co. No 102, Sec 1Dunhua South RoadSongshan District105 TaipeiTaiwan, Republic of China",,"Asian, Chinese Modern & Contemporary Art & Chinese Painting (亚洲华人现当代艺术 · 中国书画）)",Sculpture-Volume,2011/12,Signed dated lower right,,,,85800.0,99000.0,P. 111 of the catalogue,"Fubon International Conference Center B2, No.108, Section 1Tun-Hwa South RoadTaipeiTaiwan, Republic of China",2072,85800.0,Mixed media sculpture,,102960.0,,,"[59.0, 76.0, 15.5, 'cm']",Universe 23 (小宇宙 23)
ZHAN Wang (1962) ,2016-05-28,Christie's 22nd floor Alexandra House18 Chater Road CentralHong KongHong Kong,,Asian 20TH century & Contemporary Art,Sculpture-Volume,2007,Signed dated Title,2 / 4,,,,489440.0,P. 157 of the catalogue,Convention Hall Hong Kong Convention and Exhibition CentreNo 1 Harbour RoudWanchaiHong KongHong Kong,55,360640.0,Stainless steel,,,,,"[247.0, 177.0, 129.0, 'cm']","""Artificial Rock No. 121"""
ZHAN Wang (1962) ,2017-12-17,"Zhong Cheng Auctions Co.Ltd N.92-7, sec.1, Fusing S.RdDa-an District106 TaipeiTaiwan, Republic of China",,Modern and contemporary art,Sculpture-Volume,2007,Signed Dated Title,1 / 4,,,43394.0,86788.0,P. 195 of the catalogue,"FUBON INTERNATIONAL CONVENTION CENTER B2, No.108, Sec.1DunHua South RoadTaipeiTaiwan, Republic of China",200,46732.0,Stainless steel,,52072.0,,,"[49.0, 33.0, 52.5, 'cm']","""Artificial rock A-63"" (假山石 A-63)"
ZHAN Wang (1962) ,2016-06-23,,Sotheby's 5/F One Pacific Place88 QueenswayHong KongHong Kong,Boundless: Contemporary Art,Sculpture-Volume,2005,Signed dated,1 / 4,,,19334.0,15467.0,P. 76 of the catalogue,,548,10311.0,Stainless steel,,24167.0,,,"[41.0, 73.0, 34.0, 'cm']",Untitled
ZHAN Wang (1962) ,2018-03-29,"Poly Auction Hong Kong Suites 701-708, 7/F, One Pacific Place88 Queensway, AdmiraltyHong KongHong Kong",,Modern and Contemporary Art,Sculpture-Volume,2008,Signed / verso,1 / 4,,"USA, Milwaukee, Milwaukee Art Museum, The Emperor's Private Paradise: Treasures from the Forbidden City, 11 June-11 September, 2011.",261213.0,254841.0,P. 121 of the catalogue,"Hotel Grand Hyatt Hong Kong, Ballroom1 Harbour RoadWanchaiHong KongHong Kong",198,152905.0,Stainless steel,,308231.0,"Private Collection, New York, USA",,"[237.0, 140.5, 396.0, 'cm']",Artificial Rock No. 43
ZHAN Wang (1962) ,2016-04-04,"Poly Auction Hong Kong Suites 701-708, 7/F, One Pacific Place88 Queensway, AdmiraltyHong KongHong Kong",,Chinese and Asian Modern and Contemporary Art,Sculpture-Volume,2001,,3 / 8,,,,322500.0,P. 317 of the catalogue,Grand Hyatt Hong Kong Grand Hyatt Hong Kong1 Harbour RoadWan ChaiHong KongHong Kong,222,193500.0,Stainless steel,,,,,"[131.0, 70.0, 211.0, 'cm']",Artificial Garden Rock (假山石系列)
ZHAN Wang (1962) ,2015-11-28,Christie's 22nd floor Alexandra House18 Chater Road CentralHong KongHong Kong,,Asian 20th Century & Contemporary Art,Sculpture-Volume,2005,Signed dated,2 / 4,,,451500.0,593400.0,P. 167 of the catalogue,CONVENTION AND EXHIBITION CENTRE 1 Expo DriveHong KongHong Kong,66,490200.0,Stainless steel,,546960.0,,,"[266.0, 132.0, 100.0, 'cm']",Artificial Rock No. 104
ZHAN Wang (1962) ,2018-03-29,"Poly Auction Hong Kong Suites 701-708, 7/F, One Pacific Place88 Queensway, AdmiraltyHong KongHong Kong",,Modern and Contemporary Art,Sculpture-Volume,2008,Signed / verso,1 / 4,,"USA, Milwaukee, Milwaukee Art Museum, The Emperor's Private Paradise: Treasures from the Forbidden City, 11 June-11 September, 2011.",261213.0,254841.0,P. 121 of the catalogue,"Hotel Grand Hyatt Hong Kong, Ballroom1 Harbour RoadWanchaiHong KongHong Kong",198,152905.0,Stainless steel,,308231.0,"Private Collection, New York, USA",,"[237.0, 140.5, 396.0, 'cm']",Artificial Rock No. 43
ZHAN Wang (1962) ,2018-04-01,,Sotheby's 5/F One Pacific Place88 QueenswayHong KongHong Kong,Contemporary Art Day Sale,Sculpture-Volume,2002,Signed dated 2002,2 / 3,,,57344.0,70087.0,P. 95 of the catalogue,,570,57344.0,Stainless steel,,71680.0,"LOFT Gallery, Beijing/Paris; Acquired by the present owner from the above",,"[123.0, 60.0, 35.0, 'cm']",Artificial Rock No. 77
ZHAN Wang (1962) ,2016-05-10,,Phillips 450 Park Avenue10022 New York NYUnited States,20th Century & Contemporary Art Day Sale,Sculpture-Volume,2011,"Signed dated Title “84 #""",3 / 4,,,,120000.0,P. 211 of the catalogue,,246,80000.0,Steel,,,,,"[80.0, 63.5, 29.2, 'cm']",Artifcial Rock #84
ZHAN Wang (1962) ,2015-10-05,Sotheby's 5/F One Pacific Place88 QueenswayHong KongHong Kong,,Contemporary Asian Art,Sculpture-Volume,2006,,2 / 4,,,90300.0,129000.0,P. 143 of the catalogue,"Suites 3101-3106, 31F One Pacific Place88 QueenswayHong KongHong Kong",808,90300.0,Stainless steel,,112875.0,,,"[100.0, 64.0, 36.0, 'cm']",Artificial Rock No. 96
ZHAN Wang (1962) ,2017-12-19,,"China Guardian Auctions Co., Ltd. 2-603Henderson CenterNo.18 Jianguomen Nei Street100005 BeijingChina",Contemporary Art Evening Sale (当代艺术夜场),Sculpture-Volume,1990,,3 / 8,,,514895.0,424031.0,P. 153 of the catalogue,,2088,272591.0,Bronze (coloured),,592129.0,,,"[130.0, 49.0, 110.0, 'cm']",Sitting girl (坐着的女孩)
ZHAN Wang (1962) ,2016-04-04,"Poly Auction Hong Kong Suites 701-708, 7/F, One Pacific Place88 Queensway, AdmiraltyHong KongHong Kong",,Chinese and Asian Modern and Contemporary Art,Sculpture-Volume,2001,,3 / 8,,,,322500.0,P. 317 of the catalogue,Grand Hyatt Hong Kong Grand Hyatt Hong Kong1 Harbour RoadWan ChaiHong KongHong Kong,222,193500.0,Stainless steel,,,,,"[131.0, 70.0, 211.0, 'cm']",Artificial Garden Rock (假山石系列)
ZHAN Wang (1962) ,2016-05-29,Christie's 22nd floor Alexandra House18 Chater Road CentralHong KongHong Kong,,Asian Contemporary Art,Sculpture-Volume,2005,Signed dated,3 / 8,,,54096.0,64400.0,P. 138 of the catalogue,Convention Hall Hong Kong Convention and Exhibition CentreNo 1 Harbour RoudWanchaiHong KongHong Kong,198,38640.0,Stainless steel,,67620.0,,,"[95.0, 80.0, 63.0, 'cm']",Artificial Rock
ZHAN Wang (1962) ,2015-10-05,"Poly Auction Hong Kong Suites 701-708, 7/F, One Pacific Place88 Queensway, AdmiraltyHong KongHong Kong",,Chinese and Asian Modern and Contemporary Art,Sculpture-Volume,2006,Signed,3 / 4,,,154800.0,232200.0,P. 119 of the catalogue,Grand Hyatt Hong Kong1 Harbour RoadHong KongHong Kong,142,154800.0,Stainless steel/wooden base,,182664.0,,,"[51.0, 33.0, 105.0, 'cm']",Artificial Rock No. 94 (假山石第94號)
ZHAN Wang (1962) ,2017-12-17,"Zhong Cheng Auctions Co.Ltd N.92-7, sec.1, Fusing S.RdDa-an District106 TaipeiTaiwan, Republic of China",,Modern and contemporary art,Sculpture-Volume,2007,Signed Dated Title,1 / 4,,,43394.0,86788.0,P. 195 of the catalogue,"FUBON INTERNATIONAL CONVENTION CENTER B2, No.108, Sec.1DunHua South RoadTaipeiTaiwan, Republic of China",200,46732.0,Stainless steel,,52072.0,,,"[49.0, 33.0, 52.5, 'cm']","""Artificial rock A-63"" (假山石 A-63)"
ZHAN Wang (1962) ,2017-06-18,"JSL Art International Co. No 102, Sec 1Dunhua South RoadSongshan District105 TaipeiTaiwan, Republic of China",,"Asian, Chinese Modern & Contemporary Art & Chinese Painting (亚洲华人现当代艺术 · 中国书画）)",Sculpture-Volume,2011/12,Signed dated lower right,,,,85800.0,99000.0,P. 111 of the catalogue,"Fubon International Conference Center B2, No.108, Section 1Tun-Hwa South RoadTaipeiTaiwan, Republic of China",2072,85800.0,Mixed media sculpture,,102960.0,,,"[59.0, 76.0, 15.5, 'cm']",Universe 23 (小宇宙 23)
ZHAN Wang (1962) ,2017-11-15,,Phillips 450 Park Avenue10022 New York NYUnited States,20th Century & Contemporary Art Day Sale - Afternoon Session,Sculpture-Volume,2001,Signed dated “Zhan Wang 2001” / verso,1 / 4,,,100000.0,200000.0,P. 111 of the catalogue,,363,150000.0,Stainless steel,,125000.0,"Private Collection, New York; Sotheby’s, New York, May 13, 2009, lot 471; Acquired at the above sale by the present owner",,"[210.2, 165.1, 194.9, 'cm']","""Artifcial Rock No. 40"""
ZHAN Wang (1962) ,2017-06-11,"Zhong Cheng Auctions Co.Ltd N.92-7, sec.1, Fusing S.RdDa-an District106 TaipeiTaiwan, Republic of China",,Modern and Contemporary Art,Sculpture-Volume,2003,Signed dated,2 / 4,,,79680.0,106240.0,P. 115 of the catalogue,"Fubon International Conference Center B2, No.108, Section 1Tun-Hwa South RoadTaipeiTaiwan, Republic of China",178,83000.0,Stainless steel,,95616.0,,,"[77.0, 102.0, 56.0, 'cm']",Artificial Rock (假山石)
ZHAN Wang (1962) ,2016-05-14,,"China Guardian Auctions Co., Ltd. 2-603Henderson CenterNo.18 Jianguomen Nei Street100005 BeijingChina",20th Century & Contemporary Art,Sculpture-Volume,2007,Signed dated,4 / 4,,,45990.0,61320.0,,,54,45990.0,Stainless steel,,52888.0,,,"[50.0, 101.0, 47.0, 'cm']",Artificial Rock (赈灾石 )
ZHAN Wang (1962) ,2015-11-28,Christie's 22nd floor Alexandra House18 Chater Road CentralHong KongHong Kong,,Asian 20th Century & Contemporary Art,Sculpture-Volume,2005,Signed dated,2 / 4,,,451500.0,593400.0,P. 167 of the catalogue,CONVENTION AND EXHIBITION CENTRE 1 Expo DriveHong KongHong Kong,66,490200.0,Stainless steel,,546960.0,,,"[266.0, 132.0, 100.0, 'cm']",Artificial Rock No. 104
ZHAN Wang (1962) ,2016-05-29,Christie's 22nd floor Alexandra House18 Chater Road CentralHong KongHong Kong,,Asian Contemporary Art,Sculpture-Volume,2008,Signed dated,1 / 4,,,,386400.0,P. 136 of the catalogue,Convention Hall Hong Kong Convention and Exhibition CentreNo 1 Harbour RoudWanchaiHong KongHong Kong,197,257600.0,Stainless steel,,,,,"[396.0, 140.0, 230.0, 'cm']",Artificial Rock No. 43
ZHAN Wang (1962) ,2015-12-06,,"Ravenel International Art Group 15F-2, NO. 76, Sec.2,Tun-Hwa S. Rd.,Taipei 106, Taiwan10683 TaipeiTaiwan, Republic of China",Modern And Contemporary Asian Art,Sculpture-Volume,2000,Signed Dated,,,,125519.0,219658.0,P. 119 of the catalogue,,157,156898.0,Stainless steel,,150622.0,,,"[84.0, 180.0, 130.0, 'cm']",Artificial farden rock No.13
ZHAN Wang (1962) ,2015-06-14,,"Zhong Cheng Auctions Co.Ltd N.92-7, sec.1, Fusing S.RdDa-an District106 TaipeiTaiwan, Republic of China",Modern and Contemporary Art,Sculpture-Volume,2007,Signed Title,1 / 4,,,51888.0,64860.0,P. 193 of the catalogue,,102,51888.0,Stainless steel,,61227.0,,,"[33.0, 49.0, 57.0, 'cm']","""Artifical Rock A-63"""
ZHAN Wang (1962) ,2017-12-04,,"Beijing Council International Auctions 23F, Tower 1A, Wang jing SOHO, No.1 Futong East Avenue北京市 朝阳区 阜通东大街1号院Chaoyang District (朝阳区)100102 BeijingChina",Contemporary art (当代艺术),Sculpture-Volume,2006,Signed,2 / 4,,,,,P. 50 of the catalogue,,3923,,Stainless steel,,,Private Asian collection,,"[30.0, 14.0, 86.0, 'cm']",97 # (97 #)
ZHAN Wang (1962) ,2015-06-21,"Shanghai Mission Auction No.935, Zaoyang RoadPutuo District200062 ShanghaiChina",,Modern And Contemporary Art,Sculpture-Volume,2003,,,,,,98640.0,P. 35 of the catalogue,Regal Internationaal East Asia Hotel 516 Hengshan RoadShanghaiChina,412,65760.0,Steel,,,,,"[102.0, 56.0, 77.0, 'cm']",Artificial rock(假山石)
ZHAN Wang (1962) ,2015-11-29,"Ravenel International Art Group Room 1307A, 13/FKodak House II,39 Healthy Street East, North Point,Hong KongHong Kong",,Modern & Contemporary Art,Sculpture-Volume,2003,"Inscr. Dated ""Zhan Wang #61 2003""",1 / 8,,,,180600.0,P. 129 of the catalogue,Grand Hyatt Hong Kong 1 Harbour RoadWanchaiHong KongHong Kong,55,116100.0,Stainless steel,,,,,"[84.0, 15.0, 51.0, 'cm']",Artificial Rock No. 61
ZHAN Wang (1962) ,2016-06-05,"Ravenel International Art Group 15F-2, NO. 76, Sec.2,Tun-Hwa S. Rd.,Taipei 106, Taiwan10683 TaipeiTaiwan, Republic of China",,Ravenel Spring Auction 2016 Taipei Modern and Contemporary Asian Art,Sculpture-Volume,2006,"Inscr. Dated ""Zhan Wang #76, 2006""",3 / 4,,,154450.0,247120.0,P. 121 of the catalogue,"Fubon International Conference Center B2, No.108, Section 1Tun-Hwa South RoadTaipeiTaiwan, Republic of China",267,185340.0,Stainless steel/wooden base,,185340.0,,,"[131.0, 38.0, 49.0, 'cm']",Artificial Rock No. 76 [假山石系列＃76]
ZHAN Wang (1962) ,2016-05-28,Christie's 22nd floor Alexandra House18 Chater Road CentralHong KongHong Kong,,Asian 20TH century & Contemporary Art,Sculpture-Volume,2007,Signed dated Title,2 / 4,,,,489440.0,P. 157 of the catalogue,Convention Hall Hong Kong Convention and Exhibition CentreNo 1 Harbour RoudWanchaiHong KongHong Kong,55,360640.0,Stainless steel,,,,,"[247.0, 177.0, 129.0, 'cm']","""Artificial Rock No. 121"""
ZHAN Wang (1962) ,2016-06-23,,Sotheby's 5/F One Pacific Place88 QueenswayHong KongHong Kong,Boundless: Contemporary Art,Sculpture-Volume,2005,Signed dated,1 / 4,,,19334.0,15467.0,P. 76 of the catalogue,,548,10311.0,Stainless steel,,24167.0,,,"[41.0, 73.0, 34.0, 'cm']",Untitled
ZHAN Wang (1962) ,2015-12-06,,"Ravenel International Art Group 15F-2, NO. 76, Sec.2,Tun-Hwa S. Rd.,Taipei 106, Taiwan10683 TaipeiTaiwan, Republic of China",Modern And Contemporary Asian Art,Painting,2012,Signed Stamp lower right,,,,87864.0,144348.0,P. 124-125 of the catalogue,,159,112968.0,Mixed media,,105436.0,,,"[59.0, 76.0, 15.5, 'cm']",Universe 23
ZHAN Wang (1962) ,2015-10-03,,"Bonhams Suite 2001, One Pacific Place,88 Queensway AdmiraltyHong KongHong Kong",Modern & Contemporary Art,Painting,2012,Signed dated 2011-2012,,,,,122550.0,P. 191 of the catalogue,,85,83850.0,Mixed media/mirror sheet,"Taipei Fine Art Museum, 2015",,,,"[127.0, 89.0, 8.0, 'cm']",Universe 20
ZHAN Wang (1962) ,2014-05-08,Phillips 30 Berkeley SquareW1J 6EX LondonUnited Kingdom,,Photographs,Photography,2005,Signed dated Title,3 / 8,,,8485.0,15273.0,P. 130 of the catalogue,Howick PlaceSW1P 1BB LondonUnited Kingdom,137,11879.0,Chromogenic print,,10606.0,,,"[120.0, 181.8, 'cm']","""Landscape - Chicago"""
ZHAN Wang (1962) ,2014-12-04,FAAM-Fine Art Auctions Miami 4141 NE 2nd AvenueSuite 106AFL 33127 Miami FLUnited States,,,Sculpture-Volume,2000,Signed dated,,,,,80000.0,,80 NE 40th StreetFL33127 Miami FLUnited States,13,60000.0,Stainless steel,,,,,"[90.0, 40.0, 40.0, 'cm']",Artificial rock
ZHAN Wang (1962) ,2014-11-23,Christie's 22nd floor Alexandra House18 Chater Road CentralHong KongHong Kong,,Asian Contemporary Art,Photography,2005,Signed dated Title lower right,1 / 8,,,7476.0,10311.0,P. 327 of the catalogue,CONVENTION AND EXHIBITION CENTRE 1 Expo DriveHong KongHong Kong,747,7733.0,C print,,9345.0,,,"[112.0, 169.0, 'cm']","""Urban Landscape London"""
ZHAN Wang (1962) ,2015-05-31,Christie's 22nd floor Alexandra House18 Chater Road CentralHong KongHong Kong,,Asian Contemporary Art,Sculpture-Volume,2006,Signed dated,1 / 4,,,116100.0,193500.0,P. 69 of the catalogue,CONVENTION AND EXHIBITION CENTRE 1 Expo DriveHong KongHong Kong,129,129000.0,Stainless steel,,144480.0,,,,Artificial Rock
ZHAN Wang (1962) ,2015-04-06,"Poly Auction Hong Kong Suites 701-708, 7/F, One Pacific Place88 Queensway, AdmiraltyHong KongHong Kong",,Chinese and Asian Modern & Contemporary Art,Sculpture-Volume,2007,,2 / 44,,,,309600.0,P. 64 of the catalogue,Grand Hyatt Hong Kong Grand Hyatt Hong Kong1 Harbour RoadWanchaiHong KongHong Kong,158,180600.0,Stainless steel/wooden base,,,,,"[89.0, 44.0, 38.0, 'cm']",Artificial Rock No. 99 (假山石 No. 99)
ZHAN Wang (1962) ,2015-06-11,Sotheby's 5/F One Pacific Place88 QueenswayHong KongHong Kong,,Boundless : Contemporary Art,Sculpture-Volume,2006,Signed dated 2006,1 / 4,,,245100.0,387000.0,P. 49 of the catalogue,"Suites 3101-3106, 31F One Pacific Place88 QueenswayHong KongHong Kong",1031,258000.0,Stainless steel,,304440.0,,,"[277.0, 83.0, 60.0, 'cm']",Artificial Rock
ZHAN Wang (1962) ,2014-05-17,,"China Guardian Auctions Co., Ltd. 2-603Henderson CenterNo.18 Jianguomen Nei Street100005 BeijingChina",Chinese Oil Painting & Sculpture,Sculpture-Volume,2005,,1 / 4,,,291960.0,454160.0,P. 117 of the catalogue,,155,291960.0,Stainless steel,,335754.0,,,"[175.0, 232.0, 70.0, 'cm']",Artifical rock no.86
ZHAN Wang (1962) ,2014-06-26,"Shanghai Hosane Auction Co., Ltd. 6F，No. 34 Yan'An Est Rd.,上海市延安东路34号电报大厦6楼Huangpu District200002 ShanghaiChina",,Contemporary Art,Sculpture-Volume,2001,Signed Dated,1 / 4,,,77904.0,94134.0,P. 33 of the catalogue,"5/F, Tower 1, New RichportNo. 763 Mengzi RoadHuangpu District200023 ShanghaiChina",917,77904.0,Stainless steel,,89589.0,,,"[69.0, 90.0, 60.0, 'cm']",Flloating stone
ZHAN Wang (1962) ,2015-06-11,Sotheby's 5/F One Pacific Place88 QueenswayHong KongHong Kong,,Boundless : Contemporary Art,Sculpture-Volume,2000,Signed dated 2000,,,,,23220.0,P. 97 of the catalogue,"Suites 3101-3106, 31F One Pacific Place88 QueenswayHong KongHong Kong",1075,15480.0,Stainless steel,"France, Paris, Galerie Loft, 2000",,,,"[54.5, 63.5, 46.0, 'cm']",Artificial Rock
ZHAN Wang (1962) ,2014-05-24,,Christie's 22nd floor Alexandra House18 Chater Road CentralHong KongHong Kong,Asian 20th Century & Contemporary Art,Sculpture-Volume,2006,,,,,2709000.0,838500.0,P. 141 of the catalogue,,27,580500.0,Stainless steel,,3194040.0,,,"[450.0, 200.0, 240.0, 'cm']",Artificial Rock No.59
ZHAN Wang (1962) ,2014-05-07,,Sotheby's 34-35 New Bond StreetW1A 2AA LondonUnited Kingdom,Photographs,Photography,2005,Signed dated Title,4 / 5,,,12699.0,20318.0,P. 83 of the catalogue,,141,13545.0,Chromogenic print,,15873.0,,,"[143.0, 215.0, 'cm']","""Urban Landscape, London"""
ZHAN Wang (1962) ,2015-03-15,,Christie's 22nd floor Alexandra House18 Chater Road CentralHong KongHong Kong,Asia First Open,Sculpture-Volume,2006,Signed dated,1 / 4,,,83720.0,128800.0,P. 58 of the catalogue,,41,90160.0,Stainless steel,,104650.0,,,"[100.0, 60.0, 30.0, 'cm']",Taihu Lake Stone
ZHAN Wang (1962) ,2014-11-22,Christie's 22nd floor Alexandra House18 Chater Road CentralHong KongHong Kong,,Asian 20th Century & Contemporary Art,Sculpture-Volume,2004,"Signed dated Inscr. ""107#""",3 / 4,,,360919.0,412478.0,P. 111 of the catalogue,CONVENTION AND EXHIBITION CENTRE 1 Expo DriveHong KongHong Kong,24,335139.0,Stainless steel,,438258.0,,,"[243.0, 98.0, 85.0, 'cm']",Artificial Garden Rock 107#
ZHAN Wang (1962) ,2014-06-01,"Poly International Auction Co.,Ltd Floor 3, New Poly Plaza,1 North Chaoyangmen Street,北京东城区朝阳门北大街1号新保利大厦三层100010 BeijingChina",,Modern & Contemporary Arts Evening Sale,Sculpture-Volume,2006,,,,,243150.0,194520.0,P. 371 of the catalogue,"Four Seasons Hotel, New Poly Plaza,1 North Chaoyangmen Street,Dongcheng District,100010 BeijingChina",587,129680.0,Stainless steel,,279622.0,,,"[80.0, 80.0, 200.0, 'cm']",#107
ZHAN Wang (1962) ,2014-11-23,"Ravenel International Art Group Room 1307A, 13/FKodak House II,39 Healthy Street East, North Point,Hong KongHong Kong",,Modern and Contemporary Art,Sculpture-Volume,2006,Signed Dated,Ed. 8,,,83784.0,103118.0,P. 46 of the catalogue,Grand Hyatt Hong Kong 1 Harbour RoadWanchaiHong KongHong Kong,29,83784.0,Steel,,100540.0,,,"[86.0, 61.0, 66.0, 'cm']",Artificial rock n°67
ZHAN Wang (1962) ,2014-06-03,"Beijing Council International Auctions 23F, Tower 1A, Wang jing SOHO, No.1 Futong East Avenue北京市 朝阳区 阜通东大街1号院Chaoyang District (朝阳区)100102 BeijingChina",,Oil Paintings & Sculptures,Sculpture-Volume,2003,Signed Dated Title,,,,,40525.0,P. 76 of the catalogue,"9/F,Tower B, Jiacheng PlazaNo.18 Xiaguang Li, Dong Sanhuan Bei RoadChaoyang District100027 BeijingChina",3175,24315.0,Stainless steel,,,,,"[41.0, 29.0, 18.0, 'cm']","""Standing in the third pole"""
ZHAN Wang (1962) ,2014-10-06,"Poly Auction Hong Kong Suites 701-708, 7/F, One Pacific Place88 Queensway, AdmiraltyHong KongHong Kong",,Chinese and Asian Modern & Contemporary Art,Sculpture-Volume,2008,Signed Dated ttr.,1 / 4,,,193349.0,122454.0,P. 49 of the catalogue,"Suites 703-708, 7/F, One Pacific Place88 Queensway, AdmiraltyHong KongHong Kong",144,96674.0,Stainless steel,,228151.0,,,"[80.0, 63.0, 26.0, 'cm']","""Artificial rock n°84"""
ZHAN Wang (1962) ,2015-05-30,Christie's 22nd floor Alexandra House18 Chater Road CentralHong KongHong Kong,,Asian 20th Century and Contemporary art - evening same,Sculpture-Volume,2010,Signed dated,AP 1 / 2,,,258000.0,387000.0,P. 121 of the catalogue,CONVENTION AND EXHIBITION CENTRE 1 Expo DriveHong KongHong Kong,46,309600.0,Stainless steel,,314760.0,,,,Artificial Rock No.150
ZHAN Wang (1962) ,2015-05-31,Christie's 22nd floor Alexandra House18 Chater Road CentralHong KongHong Kong,,Asian Contemporary Art,Sculpture-Volume,2006,Signed dated high right,2 / 4,,,,54180.0,P. 92 of the catalogue,CONVENTION AND EXHIBITION CENTRE 1 Expo DriveHong KongHong Kong,142,41280.0,Stainless steel,,,,,"[80.0, 50.0, 35.0, 'cm']",Artificial Rock No. 88
ZHAN Wang (1962) ,2014-07-02,,Christie's 8 King StreetSt. James'sSW1Y 6QT LondonUnited Kingdom,Post-War & Contemporary Art,Sculpture-Volume,2005,Signed dated,1 / 4,,,94204.0,85640.0,P. 255 of the catalogue,,250,51384.0,"Stainless steel, wood",,117326.0,,,"[61.0, 20.0, 33.0, 'cm']",Artificial Garden Rock No. 80
ZHAN Wang (1962) ,2014-12-21,,"Zhong Cheng Auctions Co.Ltd N.92-7, sec.1, Fusing S.RdDa-an District106 TaipeiTaiwan, Republic of China",Modern and Contemporary Art,Sculpture-Volume,2003,Signed dated,1 / 8,,,175261.0,221969.0,P. 171 of the catalogue,,109,174404.0,Stainless steel,,205797.0,,,"[83.9, 15.3, 50.8, 'cm']",Artificial Rock #61
ZHAN Wang (1962) ,2015-06-07,"Ravenel International Art Group 15F-2, NO. 76, Sec.2,Tun-Hwa S. Rd.,Taipei 106, Taiwan10683 TaipeiTaiwan, Republic of China",,Modern and Contemporary Asian Art,Sculpture-Volume,2001,Signed Dated / verso,8 / 8,,,,148350.0,P. 155 of the catalogue,"FUBON INTERNATIONAL CONVENTION CENTER B2, No.108, Sec.1DunHua South RoadTaipeiTaiwan, Republic of China",276,103200.0,Stainless steel,,,,,"[29.0, 30.0, 52.0, 'cm']",Artificial Garden Rock 22#
ZHAN Wang (1962) ,2015-03-06,,Christie's 20 Rockefeller Plaza10020 New York NYUnited States,First Open - Post War and Contemporary Art,Sculpture-Volume,1997,,,,,7500.0,10000.0,P. 337 of the catalogue,,283,7000.0,Stainless steel,,9375.0,,,"[33.0, 29.2, 26.0, 'cm']",Gift from Heaven
ZHAN Wang (1962) ,2015-04-05,Sotheby's 5/F One Pacific Place88 QueenswayHong KongHong Kong,,Contemporary Asain Art,Sculpture-Volume,2005,Inscr. Dated 2005,2 / 4,,,90300.0,116100.0,P. 138 of the catalogue,"Suites 3101-3106, 31F One Pacific Place88 QueenswayHong KongHong Kong",804,90300.0,Stainless steel,,112875.0,,,"[80.0, 52.0, 39.0, 'cm']",Artificial Rock No. 98
ZHAN Wang (1962) ,2014-12-31,Shanghai Tianheng Auction Co. Ltd No.3131 Kai Xuan Road上海市凱旋路3131號2F(明申中心大廈)200030 ShanghaiChina,,,Sculpture-Volume,,,,,,,65159.0,,No.3131 Kai Xuan Road200030 ShanghaiChina,628,32579.0,Stainless steel,,,,,"[36.0, 22.0, 48.5, 'cm']",Rockery 98 (假山石98)
ZHAN Wang (1962) ,2012-05-26,,Christie's 22nd floor Alexandra House18 Chater Road CentralHong KongHong Kong,ASIAN 20TH CONTEMPORARY ART,Sculpture-Volume,2005,Signed dated,1 / 1,,,334880.0,231840.0,P. 117 of the catalogue,,2027,154560.0,Stainless steel,,404432.0,,,"[70.0, 229.0, 171.0, 'cm']",Artificial Rock No.86
ZHAN Wang (1962) ,2012-11-24,"Poly International Auction Co.,Ltd Floor 3, New Poly Plaza,1 North Chaoyangmen Street,北京东城区朝阳门北大街1号新保利大厦三层100010 BeijingChina",,CHINESE MODERN AND CONTEMPORARY ART,Sculpture-Volume,2000,Signed Dated,1 / 8,,,64500.0,90300.0,P. 161 of the catalogue,Hotel Grand Hyatt Hong KongHong Kong,149,64500.0,Steel/wooden base,,74175.0,,,"[44.5, 26.7, 48.3, 'cm']",Artificial rock n°21
ZHAN Wang (1962) ,2013-11-07,Phillips 30 Berkeley SquareW1J 6EX LondonUnited Kingdom,,PHOTOGRAPHS,Photography,2005,,,,,17686.0,14470.0,P. 105 of the catalogue,Howick PlaceSW1P 1BB LondonUnited Kingdom,121,11254.0,Chromogenic print,,22107.0,,,"[120.0, 181.5, 'cm']",Urban Landscape - London
ZHAN Wang (1962) ,2012-07-22,,"Sungari International Auction Co., Ltd No.12 Building, Chunxiu RoadDongzhimen WaiDongcheng District100027 BeijingChina",CHINESE CONTEMPORARY PAINTINGS AND CALLIGRAPHY,Drawing-Watercolor,,Signed Stamp,,,,9528.0,12704.0,P. 35 of the catalogue,,765,9528.0,"Ink, color/paper (mounted hanging scroll)",,10957.0,,,"[95.0, 89.5, 'cm']",Horse
ZHAN Wang (1962) ,2014-01-19,Borobudur Fine Art Auction Pte.Ltd. 60 Ubi Cresent #01-02Ubi Techpark408569 SingaporeSingapore,,Asian Contemporary & Modern Art and Fine Jewellery,Sculpture-Volume,2006/07,Signed dated 2006 / verso,1 / 4,,,101933.0,141138.0,P. 24 of the catalogue,GRAND COPTHORNE WATERFRONT HOTEL 392 Havelock Road169663 SingaporeSingapore,28,101933.0,Stainless steel,,124358.0,,,"[113.0, 85.0, 80.0, 'cm']",Artificial Rock 假山石
ZHAN Wang (1962) ,2013-05-25,Christie's 22nd floor Alexandra House18 Chater Road CentralHong KongHong Kong,,ASIAN 20TH CENTURY & CONTEMPORARY ART,Sculpture-Volume,2005,Signed dated,3 / 4,,,283360.0,206080.0,P. 165 of the catalogue,CONVENTION AND EXHIBITION CENTRE 1 Expo DriveHong KongChina,35,103040.0,Stainless steel,,343896.0,,,"[30.0, 50.0, 122.0, 'cm']",Artificial Rock series: No. 93
ZHAN Wang (1962) ,2013-10-05,,China Guardian 3001 Cosco Tower183 Queens RoadCentralHong KongHong Kong,20TH CENTURY AND CONTEMPORARY CHINES ART,Sculpture-Volume,2006,,3 / 4,,,,283800.0,P. 165 of the catalogue,,475,206400.0,Steel,,,,,"[105.0, 43.0, 22.0, 'cm']",Artificial rock n°76
ZHAN Wang (1962) ,2013-04-16,,Christie's Cornelis Schuystraat 571071 JG AmsterdamNetherlands,POST-WAR AND CONTEMPORARY ART,Sculpture-Volume,1998,,,,,15696.0,20928.0,P. 164 of the catalogue,,384,15696.0,Stainless steel (1) Granite (1). Unique work,,19620.0,,2.0,"[30.0, 20.0, 25.0, 'cm']",Building Blocks
ZHAN Wang (1962) ,2012-12-16,,"Zhong Cheng Auctions Co.Ltd N.92-7, sec.1, Fusing S.RdDa-an District106 TaipeiTaiwan, Republic of China",CONTEMPORARY CHINESE ART & SCULPTURES,Sculpture-Volume,2006,,1 / 10,,,104250.0,173750.0,P. 150 of the catalogue,,88,111200.0,Steel,,123015.0,,,"[113.0, 85.0, 80.0, 'cm']",Scholar Rocks
ZHAN Wang (1962) ,2012-06-09,Borobudur Fine Art Auction Pte.Ltd. 60 Ubi Cresent #01-02Ubi Techpark408569 SingaporeSingapore,,ASIAN CONTEMPORARY & MODERN ART AND FINE JEWELLERY,Sculpture-Volume,2006,"Signed dated ""2006"" / verso",3 / 4,,,101309.0,171446.0,P. 76 of the catalogue,"GRAND COPTHORNE WATERFRONT HOTEL 10 Ubi Cresent #05-39, Lobby CUbi Techpark436896 SingaporeSingapore",131,93516.0,Stainless steel,"Oudenburg, Belgium, Foundation De Elf Lijnen, 2007",123596.0,,,"[75.0, 96.0, 47.0, 'cm']",Artificial Rock 101#
ZHAN Wang (1962) ,2012-11-24,"Poly Auction Hong Kong Suites 701-708, 7/F, One Pacific Place88 Queensway, AdmiraltyHong KongHong Kong",,,Sculpture-Volume,2000,,,,,64500.0,90300.0,,"Suite 2008, 20/F, One IFC1 Harbour View StreetCentralHong KongHong Kong",149,64500.0,Stainless steel/wooden base,,74175.0,,,"[44.5, 26.7, 48.3, 'cm']",Artificial Rock no.21
ZHAN Wang (1962) ,2014-04-26,"Christie's Suite 519A, Shanghai Centre1376 Nanjing Road West200040 ShanghaiChina",,Asian and Western 20th Century & Contemporary Art,Sculpture-Volume,2000,Signed,,,,,243150.0,P. 117 of the catalogue,"Jing An Shangri-La Hotel Jing an Grand Ballroom, level 51218 Middle Yan'an RoadJing An Kerry Centre, West Nanjing RoadShanghaiChina",31,194520.0,Stainless steel. Unique work,,,,,"[140.0, 174.0, 65.0, 'cm']",Artificial Rock No.13
ZHAN Wang (1962) ,2013-09-26,"Christie's Suite 519A, Shanghai Centre1376 Nanjing Road West200040 ShanghaiChina",,FINE AND RARE WINES - HOROLOGY & JEWELLERY - PAINTINGS & SCULPTURES,Sculpture-Volume,,,,,,358160.0,423280.0,P. 199 of the catalogue,"Jing An Shangri-La Hotel Jing an Grand Ballroom, level 51218 Middle Yan'an RoadJing An Kerry Centre, West Nanjing RoadShanghaiChina",32,260480.0,Stainless steel,,434676.0,,,"[90.0, 75.0, 234.0, 'cm']",Artificial Rock Series: No. 150
ZHAN Wang (1962) ,2012-07-22,,"Sungari International Auction Co., Ltd No.12 Building, Chunxiu RoadDongzhimen WaiDongcheng District100027 BeijingChina",CHINESE CONTEMPORARY PAINTINGS AND CALLIGRAPHY,Drawing-Watercolor,2011,Signed Stamp,,,,19056.0,23820.0,P. 34 of the catalogue,,764,15880.0,"Ink, color/paper (mounted hanging scroll)",,21914.0,,,"[137.0, 70.0, 'cm']",Girl
ZHAN Wang (1962) ,2012-11-14,,Sotheby's 1334 York Avenue10021 New York NYUnited States,CONTEMPORARY ART,Sculpture-Volume,2008,,Ed. 4,,,,700000.0,P. 279 of the catalogue,,587,500000.0,Stainless steel,"Milwaukee Art Museum, 2011",,,,"[400.0, 90.0, 140.0, 'cm']",Artificial Rock #43
ZHAN Wang (1962) ,2012-05-15,"China Guardian Auctions Co., Ltd. 2-603Henderson CenterNo.18 Jianguomen Nei Street100005 BeijingChina",,CHINESE OIL PAINTINGS - SCULPTURES,Sculpture-Volume,2006,,6 / 8/,,,55475.0,79250.0,P. 242 of the catalogue,BEIJING INTERNATIONAL HOTEL 9 Jian Nei StreetBeijingChina,4949,55475.0,Stainless steel,,63796.0,,,"[48.5, 41.0, 20.5, 'cm']",Rockery stone
ZHAN Wang (1962) ,2013-09-26,"Christie's Suite 519A, Shanghai Centre1376 Nanjing Road West200040 ShanghaiChina",,FINE AND RARE WINES - HOROLOGY & JEWELLERY - PAINTINGS & SCULPTURES,Sculpture-Volume,,,,,,765160.0,455840.0,P. 81 of the catalogue,"Jing An Shangri-La Hotel Jing an Grand Ballroom, level 51218 Middle Yan'an RoadJing An Kerry Centre, West Nanjing RoadShanghaiChina",11,358160.0,Bronze (painted),,923076.0,,,"[115.0, 54.5, 130.0, 'cm']",Sitting Girl
ZHAN Wang (1962) ,2013-02-13,,Sotheby's 34-35 New Bond StreetW1A 2AA LondonUnited Kingdom,CONTEMPORARY ART,Sculpture-Volume,2007,Signed dated 2007,5 / 8,,,93840.0,125120.0,P. 299 of the catalogue,,317,93840.0,Aluminium (polished),,114563.0,,5.0,,Rocks Off (From the China Chair Project)
ZHAN Wang (1962) ,2012-06-24,Bonhams 220 San Bruno AvenueCA 94103 San Francisco CAUnited States,,,Photography,2004,Signed dated,3 / 8,,,550.0,500.0,,220 San Bruno Avenue94103 San Francisco CAUnited States,3290,300.0,Chromogenic print,,687.0,,,"[58.0, 79.0, 'cm']","Flowers in the Mirror #7, from Beijing Series"
ZHAN Wang (1962) ,2012-07-08,,Xiling Yinshe Auction 127 Qingyin Lane310003 HangzhouChina,,Sculpture-Volume,2004,Signed dated,1 / 4,,,95100.0,126800.0,,,1844,95100.0,Steel,,109365.0,,,"[109.0, 90.0, 54.0, 'cm']",Rockery
ZHAN Wang (1962) ,2013-06-16,"JSL Art International Co. No 102, Sec 1Dunhua South RoadSongshan District105 TaipeiTaiwan, Republic of China",,20TH CENTURY CHINISES MODERN & ASIAN CONTEMPORARY ART,Sculpture-Volume,2006,Signed / verso,1 / 4,,,161136.0,167850.0,P. 139 of the catalogue,"No 102, Sec 1Dun-Hua South RoadTaipeiTaiwan, Republic of China",105,117495.0,Stainless steel,,190140.0,,,"[54.0, 32.0, 84.0, 'cm']",Artificial rock
ZHAN Wang (1962) ,2012-11-25,,Christie's 22nd floor Alexandra House18 Chater Road CentralHong KongHong Kong,ASIAN CONTEMPORARY ART,Sculpture-Volume,2000,Signed dated,1 / 8,,,25800.0,25800.0,P. 215 of the catalogue,,526,19350.0,Stainless steel,,32250.0,,,"[40.0, 22.0, 27.5, 'cm']",Artificial Rock Series
ZHAN Wang (1962) ,2013-06-02,"Ravenel International Art Group 15F-2, NO. 76, Sec.2,Tun-Hwa S. Rd.,Taipei 106, Taiwan10683 TaipeiTaiwan, Republic of China",,MODERN & CONTEMPORARY ASIAN ART,Sculpture-Volume,2006,Signed Dated / verso,2 / 4,,,183590.0,200280.0,P. 245 of the catalogue,"FUBON INTERNATIONAL CONVENTION CENTER B2, No.108, Sec.1DunHua South RoadTaipeiTaiwan, Republic of China",733,133520.0,Mixed media sculpture (stainless steel & wood),,220308.0,,,"[96.0, 55.0, 72.0, 'cm']",Artificial garden rock 101#
ZHAN Wang (1962) ,2012-11-19,"A & F Auction No.11, East Third Ring Road SouthChaoyang District100021 BeijingChina",,NEW CHINESE ART SINCE 1978,Sculpture-Volume,2007,,,,,238800.0,286560.0,P. 57 of the catalogue,N.2 Jianguo menwai Avenue46 floor Beijing Yintai Centre Block C100022 BeijingChina,429,191040.0,Stainless steel,,274620.0,,,"[174.0, 98.0, 49.0, 'cm']",Rock Garden NO.122
ZHAN Wang (1962) ,2014-01-19,Borobudur Fine Art Auction Pte.Ltd. 60 Ubi Cresent #01-02Ubi Techpark408569 SingaporeSingapore,,Asian Contemporary & Modern Art and Fine Jewellery,Sculpture-Volume,2010,Signed dated 2010 / base,88 / 99,,,,27443.0,P. 25 of the catalogue,GRAND COPTHORNE WATERFRONT HOTEL 392 Havelock Road169663 SingaporeSingapore,29,15682.0,Stainless steel,"[Taiwan, Museum of Tomorrow- MOT, 2011]",,,,"[40.0, 60.0, 40.0, 'cm']",Jia Shan De Wu 假山疊塢
ZHAN Wang (1962) ,2011-04-28,,Wright Auction 1440 West Hubbard60642 Chicago ILUnited States,LIVING CONTEMPORARY,Sculpture-Volume,1997,Signed dated,1 / 1,,,14000.0,15000.0,P. 73 of the catalogue,,165,12000.0,Stainless steel. Unique work,[Clark p.237],17500.0,,,"[17.0, 34.0, 18.0, 'cm']",Gift from heaven (single stone)
ZHAN Wang (1962) ,2011-11-27,,Christie's 22nd floor Alexandra House18 Chater Road CentralHong KongHong Kong,ASIAN CONTEMPORARY ART,Sculpture-Volume,2001,Signed dated,2 / 4,,,153960.0,230940.0,P. 121 of the catalogue,,1455,153960.0,Stainless steel,,187318.0,,,"[210.0, 165.0, 195.0, 'cm']",Artificial rock No.40
ZHAN Wang (1962) ,2012-02-16,,Sotheby's 34-35 New Bond StreetW1A 2AA LondonUnited Kingdom,CONTEMPORARY ART,Sculpture-Volume,2002,Signed dated,1 / 4,,,109914.0,94212.0,P. 220 of the catalogue,,265,62808.0,Stainless steel,,133859.0,,,"[140.0, 220.0, 120.0, 'cm']",Ornamental Rock
ZHAN Wang (1962) ,2012-04-02,Sotheby's 5/F One Pacific Place88 QueenswayHong KongHong Kong,,CONTEMPORARY ASIAN ART,Sculpture-Volume,2001,Inscr. Dated,4 / 8,,,54096.0,51520.0,P. 239 of the catalogue,"Suites 3101-3106, 31F One Pacific Place88 QueenswayHong KongHong Kong",915,38640.0,Stainless steel,,67491.0,,,"[52.0, 37.0, 25.0, 'cm']",Artificial Rock No. 21
ZHAN Wang (1962) ,2011-11-08,,Phillips de Pury & Company 450 West 15 Street10011 New York NYUnited States,CONTEMPORARY ART,Sculpture-Volume,2007,"Signed dated ""Zhan Wang, 2007""",4 / 4,,,,500000.0,P. 154-155 of the catalogue,,320,300000.0,Stainless steel,"Beijing, National Art Museum of China, 2008",,,,"[259.1, 120.0, 209.9, 'cm']",Artiﬁcial Rock #143
ZHAN Wang (1962) ,2011-05-28,Christie's 22nd floor Alexandra House18 Chater Road CentralHong KongHong Kong,,ASIAN 20th CENTURY & CONTEMPORARY ART,Sculpture-Volume,2006,Signed dated,4 / 4,,,488300.0,308400.0,P. 87 of the catalogue,Convention Hall 2203-5 Alexandra House16-20 Chater Road CentralHong KongHong Kong,1019,154200.0,Steel,,588530.0,,,"[132.0, 100.0, 266.0, 'cm']",Artificial Rock: No.104
ZHAN Wang (1962) ,2011-10-02,Sotheby's 5/F One Pacific Place88 QueenswayHong KongHong Kong,,THE ULLENS COLLECTION - EXPERIMENTATION AND EVOLUTION,Sculpture-Volume,2000,Inscr. Dated,,,,,192750.0,P. 109 of the catalogue,"Suites 3101-3106, 31F One Pacific Place88 QueenswayHong KongHong Kong",140,128500.0,Stainless steel,"Italy, Venice, Fourth International Sculpture and Installation, 2001",,Ullens Collection,,"[140.0, 174.0, 65.0, 'cm']",Artifical Rock Series No. 13
ZHAN Wang (1962) ,2011-12-04,"Poly International Auction Co.,Ltd Floor 3, New Poly Plaza,1 North Chaoyangmen Street,北京东城区朝阳门北大街1号新保利大厦三层100010 BeijingChina",,MODERN AND CONTEMPORARY CHINESE ART,Sculpture-Volume,1998,Signed Dated,,,,47430.0,63240.0,P. 111 of the catalogue,BEIJING ASIA HOTEL BeijingChina,925,47430.0,Stainless steel,,54544.0,,,"[45.0, 'cm']",Artificial rock
ZHAN Wang (1962) ,2011-05-06,,"Shandong Tiancheng Auctions Co., Ltd. 717 Room, Exhibition Centre201 Shanda Road250014 JinanChina",,Drawing-Watercolor,,,,,,27720.0,15400.0,,,474,12320.0,"Ink, color/paper (mounted)",,31046.0,,,"[96.0, 180.0, 'cm']",Lady
ZHAN Wang (1962) ,2011-05-29,Christie's 22nd floor Alexandra House18 Chater Road CentralHong KongHong Kong,,ASIAN CONTEMPORARY ART,Sculpture-Volume,2001,Signed dated,1 / 4,,,167050.0,192750.0,P. 263 of the catalogue,Convention Hall 2203-5 Alexandra House16-20 Chater Road CentralHong KongHong Kong,1464,128500.0,Stainless steel,,203030.0,,,"[121.9, 65.59, 195.6, 'cm']",Artificial rock No. 28
ZHAN Wang (1962) ,2011-05-29,Christie's 22nd floor Alexandra House18 Chater Road CentralHong KongHong Kong,,ASIAN CONTEMPORARY ART,Sculpture-Volume,2000,Signed dated,1 / 8,,,53970.0,70675.0,P. 253 of the catalogue,Convention Hall 2203-5 Alexandra House16-20 Chater Road CentralHong KongHong Kong,1452,44975.0,Stainless steel/wooden base,,67334.0,,,"[44.5, 26.7, 48.3, 'cm']",Artificial rock No. 21
ZHAN Wang (1962) ,2011-10-03,Sotheby's 5/F One Pacific Place88 QueenswayHong KongHong Kong,,CONTEMPORARY ASIAN ART,Sculpture-Volume,2004,Inscr. Dated,4 / 4,,,,282700.0,P. 169 of the catalogue,"Suites 3101-3106, 31F One Pacific Place88 QueenswayHong KongHong Kong",1004,231300.0,Stainless steel,"Denmark, Louisiana Museum of Modern Art, 2007",,,,"[220.0, 129.0, 70.0, 'cm']",Artificial Rock Series No. 29
ZHAN Wang (1962) ,2011-09-18,Bonhams 220 San Bruno AvenueCA 94103 San Francisco CAUnited States,,,Photography,2004,Signed dated,3 / 8,,,,1000.0,,220 San Bruno Avenue94103 San Francisco CAUnited States,3182,800.0,Chromogenic print,,,,,"[58.0, 79.0, 'cm']","Flowers in the Mirror #7, from Beijing Series"
ZHAN Wang (1962) ,2011-05-29,Christie's 22nd floor Alexandra House18 Chater Road CentralHong KongHong Kong,,ASIAN CONTEMPORARY ART,Sculpture-Volume,2005,Signed dated,2 / 4,,,64250.0,89950.0,P. 123 of the catalogue,Convention Hall 2203-5 Alexandra House16-20 Chater Road CentralHong KongHong Kong,1363,64250.0,Stainless steel,,79670.0,,,"[44.0, 22.0, 80.0, 'cm']",Artificial Rock
ZHAN Wang (1962) ,2011-11-27,,Christie's 22nd floor Alexandra House18 Chater Road CentralHong KongHong Kong,ASIAN CONTEMPORARY ART,Sculpture-Volume,2006,Signed dated,3 / 4,,,218110.0,128300.0,P. 119 of the catalogue,,1454,89810.0,Stainless steel,,264298.0,,,"[51.0, 33.0, 105.0, 'cm']",Artificial rock No.94
ZHAN Wang (1962) ,2011-06-05,"Ravenel International Art Group 15F-2, NO. 76, Sec.2,Tun-Hwa S. Rd.,Taipei 106, Taiwan10683 TaipeiTaiwan, Republic of China",,MODERN AND CONTEMPORARY ASIAN ART,Sculpture-Volume,2006,Signed dated,1 / 4,,,159988.0,139120.0,P. 121 of the catalogue,"Fubon International Conference Center B2, No.108, Section 1Tun-Hwa South RoadTaipeiTaiwan, Republic of China",159,90428.0,Steel,,191985.0,,,"[84.0, 32.0, 54.0, 'cm']",Artificial Garden Rock
ZHAN Wang (1962) ,2011-10-03,Sotheby's 5/F One Pacific Place88 QueenswayHong KongHong Kong,,CONTEMPORARY ASIAN ART,Sculpture-Volume,2005,Inscr. Dated,3 / 4,,,77100.0,102800.0,P. 167 of the catalogue,"Suites 3101-3106, 31F One Pacific Place88 QueenswayHong KongHong Kong",1003,77100.0,Stainless steel,,95090.0,,,"[64.0, 48.0, 25.5, 'cm']",Artificial Rock Series
ZHAN Wang (1962) ,2011-05-13,,Phillips de Pury & Company 450 West 15 Street10011 New York NYUnited States,CONTEMPORARY ART,Sculpture-Volume,1997,"Signed dated ""1997 1/1""",,,,35000.0,45000.0,P. 134 of the catalogue,,220,35000.0,Stainless steel,,43750.0,,2.0,"[39.4, 23.5, 20.3, 'cm']",Gifts from heaven
ZHAN Wang (1962) ,2011-04-04,Sotheby's 5/F One Pacific Place88 QueenswayHong KongHong Kong,,CONTEMPORARY ASIAN ART,Sculpture-Volume,2005,Signed,1 / 4,,,192900.0,115740.0,P. 150 of the catalogue,Hong Kong Convention and Exhibition Centre1 Expo DriveWanchaiHong KongHong Kong,1013,90020.0,Stainless steel/wooden stand,,234052.0,,,"[86.0, 34.0, 17.0, 'cm']",Artificial Rock Series No. 97
ZHAN Wang (1962) ,2011-12-04,"Ravenel International Art Group 15F-2, NO. 76, Sec.2,Tun-Hwa S. Rd.,Taipei 106, Taiwan10683 TaipeiTaiwan, Republic of China",,MODERN AND CONTEMPORARY ASIAN ART,Sculpture-Volume,2006,Signed dated,1 / 10,,,83649.0,200757.0,P. 171 of the catalogue,"FUBON INTERNATIONAL CONVENTION CENTER B2, No.108, Sec.1DunHua South RoadTaipeiTaiwan, Republic of China",197,100378.0,Stainless steel,,100378.0,,,"[80.0, 85.0, 113.0, 'cm']",Artificial Garden Rock
ZHAN Wang (1962) ,2011-10-02,Sotheby's 5/F One Pacific Place88 QueenswayHong KongHong Kong,,THE ULLENS COLLECTION - EXPERIMENTATION AND EVOLUTION,Sculpture-Volume,2001,,3 / 8,,,167050.0,231300.0,P. 107 of the catalogue,"Suites 3101-3106, 31F One Pacific Place88 QueenswayHong KongHong Kong",139,154200.0,Stainless steel,"France, Paris, Espace Pierre Cardin, 2002",203030.0,Ullens Collection,,"[213.0, 140.0, 69.0, 'cm']",Artificial Garden Rock
ZHAN Wang (1962) ,2011-12-11,Bonhams 220 San Bruno AvenueCA 94103 San Francisco CAUnited States,,,Photography,2004,Signed dated,3 / 8,,,,700.0,,220 San Bruno Avenue94103 San Francisco CAUnited States,5164,500.0,Chromogenic print,,,,,"[58.0, 79.0, 'cm']","Flowers in the Mirror #7, from Beijing Series"
ZHAN Wang (1962) ,2011-12-04,"Poly International Auction Co.,Ltd Floor 3, New Poly Plaza,1 North Chaoyangmen Street,北京东城区朝阳门北大街1号新保利大厦三层100010 BeijingChina",,MODERN AND CONTEMPORARY CHINESE ART,Sculpture-Volume,1998,Signed Dated,,,,25296.0,28458.0,P. 110 of the catalogue,BEIJING ASIA HOTEL BeijingChina,924,23715.0,Stainless steel,,29090.0,,,"[38.0, 2.0, 'cm']",Artificial rock
ZHAN Wang (1962) ,2011-04-14,,Phillips de Pury & Company Howick PlaceSW1P 1BB LondonUnited Kingdom,CONTEMPORARY ART - PHOTOGRAPHS,Sculpture-Volume,2001,"Signed dated ""Zhan Wang 2001""",8 / 8,,,,146421.0,P. 133 of the catalogue,,12,113883.0,Stainless steel,,,,,"[114.0, 89.0, 33.0, 'cm']",Artificial Rock
ZHAN Wang (1962) ,2011-11-16,"China Guardian Auctions Co., Ltd. 2-603Henderson CenterNo.18 Jianguomen Nei Street100005 BeijingChina",,CHINESE SCULPTURES,Sculpture-Volume,2005,Signed dated,2 / 4,,,118199.0,55159.0,P. 171 of the catalogue,BEIJING INTERNATIONAL HOTEL 9 Jian Nei StreetBeijingChina,2245,39399.0,Steel,,135928.0,,,"[59.0, 30.0, 22.0, 'cm']",Rockery stone
ZHAN Wang (1962) ,2011-04-03,Sotheby's 5/F One Pacific Place88 QueenswayHong KongHong Kong,,THE NASCENCE OF AVANT-GARDE CHINA,Sculpture-Volume,1999,Inscr. Dated,1 / 2,,,83590.0,64300.0,P. 127 of the catalogue,"Suites 3101-3106, 31F One Pacific Place88 QueenswayHong KongHong Kong",843,51440.0,Stainless steel,,102880.0,Ullens Collection,,"[80.0, 40.0, 60.0, 'cm']",Artificial Rock Series
ZHAN Wang (1962) ,2010-11-03,Phillips de Pury & Company Howick PlaceSW1P 1BB LondonUnited Kingdom,,PHOTOGRAPHS,Photography,2005,Signed dated Title,2 / 5,,,15235.0,14433.0,P. 131 of the catalogue,25-26 Albemarle StreetW1S 4HX LondonUnited Kingdom,142,11225.0,"Photograph in colors (coupler, flush mounted)",,19043.0,,,"[139.69, 213.4, 'cm']","""Urban landscape, Chicago"""
ZHAN Wang (1962) ,2011-04-03,Sotheby's 5/F One Pacific Place88 QueenswayHong KongHong Kong,,THE NASCENCE OF AVANT-GARDE CHINA,Sculpture-Volume,,Inscr. Dated,,,,385800.0,192900.0,P. 129 of the catalogue,"Suites 3101-3106, 31F One Pacific Place88 QueenswayHong KongHong Kong",844,154320.0,Stainless steel,"Angers, L' Abbaye du Ronceray and Angers Museum, 2003",465532.0,Ullens Collection,,"[223.0, 128.0, 90.0, 'cm']",Artificial Rock Series
ZHAN Wang (1962) ,2009-11-29,Christie's 22nd floor Alexandra House18 Chater Road CentralHong KongHong Kong,,ASIAN CONTEMPORARY ART & CHINESE 20TH CENTURY ART,Sculpture-Volume,2007,,1 / 4,,,412800.0,412800.0,P. 119 of the catalogue,Convention Hall Hong Kong Convention and Exhibition CentreNo 1 Harbour RoudWanchaiHong KongChina,1037,283800.0,Steel,,497940.0,,,"[330.0, 210.0, 110.0, 'cm']",Artificial Rock No.115
ZHAN Wang (1962) ,2010-12-17,"Shanghai DuoYunXuan auction 3 F, n°1 building593, Yan an xi Road200050 ShanghaiChina",,CONTEMPORARY ARTS OIL PAINTINGS AND SCULPTURES,Sculpture-Volume,2006,Signed dated,2 / 4,,,34615.0,48160.0,P. 215 of the catalogue,"Four Seasons Hotel 3rd floor, Banquet HallShanghaiChina",1898,36120.0,Stainless steel,,38768.0,,,"[80.0, 50.0, 35.0, 'cm']",Artificial rocks No.88
ZHAN Wang (1962) ,2009-11-30,Christie's 22nd floor Alexandra House18 Chater Road CentralHong KongHong Kong,,ASIAN CONTEMPORARY ART,Sculpture-Volume,2006,,4 / 4,,,77400.0,70950.0,P. 165 of the catalogue,Convention Hall Hong Kong Convention and Exhibition CentreNo 1 Harbour RoudWanchaiHong KongChina,1645,45150.0,Steel,,95460.0,,,"[77.0, 15.0, 23.0, 'cm']",Artificial rock No.92
ZHAN Wang (1962) ,2010-10-23,CORNETTE DE SAINT CYR Maison de Ventes S.A.S 6 avenue Hoche75008 ParisFrance,,ART CONTEMPORAIN,Sculpture-Volume,2006,Signed dated,2 / 4,,,,557160.0,P. 89 of the catalogue,"DROUOT-MONTAIGNE 15, avenue Montaigne75008 ParisFrance",76,487515.0,Steel,,,,,"[266.0, 114.0, 60.0, 'cm']",ornamental rock
ZHAN Wang (1962) ,2010-05-16,Borobudur Fine Art Auction Pte.Ltd. 60 Ubi Cresent #01-02Ubi Techpark408569 SingaporeSingapore,,,Sculpture-Volume,2004,Signed dated / verso,7 / 8,,,93704.0,118932.0,,"10 Ubi Cresent #05-39, Lobby CUbi Techpark436896 SingaporeSingapore",634,82892.0,Stainless steel,,114318.0,,,"[90.0, 72.0, 68.0, 'cm']",Artificial Rock Series #67
ZHAN Wang (1962) ,2010-09-19,,Bonhams & Butterfields 220 San Bruno Avenue94103 San Francisco CAUnited States,,Photography,2004,Signed dated,3 / 8,,,,3000.0,,,4166,2000.0,Chromogenic print,,,,,"[58.0, 79.0, 'cm']","Flowers in the Mirror #7, from Beijing Series"
ZHAN Wang (1962) ,2010-11-28,Christie's 22nd floor Alexandra House18 Chater Road CentralHong KongHong Kong,,ASIAN CONTEMPORARY ART,Sculpture-Volume,2007,Signed dated Title,1 / 4,,,173880.0,77280.0,P. 135 of the catalogue,Hong Kong Convention and Exhibition CentreHong KongHong Kong,1283,51520.0,Stainless steel/acrylic stand,,211232.0,,,"[76.0, 63.0, 34.0, 'cm']","""Artificial rock No. 134"""
ZHAN Wang (1962) ,2010-04-05,Sotheby's 5/F One Pacific Place88 QueenswayHong KongHong Kong,,CONTEMPORARY ASIAN ART,Sculpture-Volume,2004,Signed dated,4 / 4,,,,257600.0,P. 33 of the catalogue,"Suites 3101-3106, 31F One Pacific Place88 QueenswayHong KongHong Kong",312,206080.0,Stainless steel,,,,,"[220.0, 129.0, 'cm']",Artificial Rock Series #29
ZHAN Wang (1962) ,2010-10-04,Sotheby's 5/F One Pacific Place88 QueenswayHong KongHong Kong,,CONTEMPORARY ASIAN ART,Sculpture-Volume,2003,Signed dated,2 / 4,,,,257799.0,P. 191 of the catalogue,CONVENTION AND EXHIBITION CENTRE 1 Expo DriveHong KongChina,789,206239.0,Steel,,,,,"[100.0, 250.0, 100.0, 'cm']",artificial rock series no. 57
ZHAN Wang (1962) ,2010-06-27,"Shanghai Hosane Auction Co., Ltd. 6F，No. 34 Yan'An Est Rd.,上海市延安东路34号电报大厦6楼Huangpu District200002 ShanghaiChina",,CONTEMPORARY ART,Sculpture-Volume,2007,Signed dated -07,1 / 4,,,378081.0,530640.0,P. 79 of the catalogue,Portman Ritz-Carlton Hotel 1376 Nanjing West Rd.ShanghaiChina,183,383240.0,Stainless steel,,423775.0,,,"[342.0, 173.0, 120.0, 'cm']",Artificial Rock No.116
ZHAN Wang (1962) ,2010-11-23,"China Guardian Auctions Co., Ltd. 2-603Henderson CenterNo.18 Jianguomen Nei Street100005 BeijingChina",,CHINESE SCULPTURE - SERIES SCULPTURES FROM BEIJING AND TIANJIN,Sculpture-Volume,2005,,1 / 4,,,90480.0,113100.0,P. 129 of the catalogue,BEIJING INTERNATIONAL HOTEL 9 Jian Nei StreetBeijingChina,272,82940.0,Steel,,101337.0,,,"[81.0, 55.0, 37.0, 'cm']",Rockery stone
ZHAN Wang (1962) ,2010-12-05,,"Ravenel International Art Group 15F-2, NO. 76, Sec.2,Tun-Hwa S. Rd.,Taipei 106, Taiwan10683 TaipeiTaiwan, Republic of China",MODERN AND CONTEMPORARY ASIAN ART,Sculpture-Volume,2004,,7 / 8,,,132040.0,145244.0,P. 171 of the catalogue,,192,105632.0,Steel,,158448.0,,,"[90.0, 68.0, 72.0, 'cm']",Artificial Garden Rock
ZHAN Wang (1962) ,2010-05-29,Christie's 22nd floor Alexandra House18 Chater Road CentralHong KongHong Kong,,ASIAN CONTEMPORARY ART & CHINESE 20TH CENTURY ART,Sculpture-Volume,1997,Signed dated,1 / 4,,,282479.0,231119.0,P. 133 of the catalogue,Convention Hall Hong Kong Convention and Exhibition CentreNo 1 Harbour RoudWanchaiHong KongChina,1033,154079.0,Steel (stainless),"Beijing, Gallery of Central Academy of Fine Art, 1999 [Fan p.216]",341542.0,,,"[90.0, 110.0, 236.0, 'cm']",Artificial rock No. 4
ZHAN Wang (1962) ,2011-04-04,Sotheby's 5/F One Pacific Place88 QueenswayHong KongHong Kong,,CONTEMPORARY ASIAN ART,Sculpture-Volume,2006,Signed,1 / 1,,,308640.0,514400.0,P. 153 of the catalogue,Hong Kong Convention and Exhibition Centre1 Expo DriveWanchaiHong KongHong Kong,1014,308640.0,Stainless steel,,372940.0,,,"[286.0, 145.0, 110.0, 'cm']",Artificial Rock Series
ZHAN Wang (1962) ,2010-05-18,,Bonhams & Butterfields 220 San Bruno Avenue94103 San Francisco CAUnited States,PHOTOGRAPHS,Photography,2004,Signed,,,,,6000.0,P. 67 of the catalogue,,119,4000.0,Chromogenic print,,,,,"[58.0, 79.0, 'cm']","Flowers in the Mirror #7, from Beijing Series"
ZHAN Wang (1962) ,2010-05-16,Borobudur Fine Art Auction Pte.Ltd. 60 Ubi Cresent #01-02Ubi Techpark408569 SingaporeSingapore,,,Sculpture-Volume,2001,Signed dated / verso,2 / 8,,,,115328.0,,"10 Ubi Cresent #05-39, Lobby CUbi Techpark436896 SingaporeSingapore",635,100912.0,Stainless steel,,,,,"[120.0, 56.0, 50.0, 'cm']",The New Sky-Patching Project
ZHAN Wang (1962) ,2011-03-20,,Bonhams & Butterfields 220 San Bruno Avenue94103 San Francisco CAUnited States,,Photography,2004,Signed dated,3 / 8,,,,1500.0,,,5241,1000.0,Chromogenic print,,,,,"[58.0, 79.0, 'cm']","Flowers in the Mirror #7, from Beijing Series"
ZHAN Wang (1962) ,2009-12-12,"Shanghai Hosane Auction Co., Ltd. 6F，No. 34 Yan'An Est Rd.,上海市延安东路34号电报大厦6楼Huangpu District200002 ShanghaiChina",,OIL PAINTING & SCULPTURE,Sculpture-Volume,,Signed dated,1 / 4,,,234720.0,264060.0,P. 93 of the catalogue,Portman Ritz-Carlton Hotel 1376 Nanjing West Rd.ShanghaiChina,38,176040.0,Stainless steel,,262886.0,,,"[178.0, 158.0, 78.0, 'cm']",Artificial rocks No.108
ZHAN Wang (1962) ,2010-12-10,Beijing Hanhai Art Auction Co.Ltd. No.80 Liulichang Dong StreetXuanwu District中国北京市宣武区琉璃厂东街80号100050 BeijingChina,,,Sculpture-Volume,1990,,,,,316050.0,97825.0,,No.80 Liulichang Dong StreetXuanwu District100050 BeijingChina,1311,82775.0,Bronze,,353976.0,,,"[130.0, 110.0, 49.0, 'cm']",girl
ZHAN Wang (1962) ,2010-10-04,Sotheby's 5/F One Pacific Place88 QueenswayHong KongHong Kong,,CONTEMPORARY ASIAN ART PROPERTY FROM AN IMPORTANT EUROPEAN COLLECTION,Sculpture-Volume,2003,Signed dated,3 / 8,,,167569.0,232018.0,P. 67 of the catalogue,CONVENTION AND EXHIBITION CENTRE 1 Expo DriveHong KongChina,624,154679.0,Stainless steel,,203660.0,,,"[106.7, 63.5, 43.0, 'cm']",Artificial Rock Series
ZHAN Wang (1962) ,2010-11-27,Christie's 22nd floor Alexandra House18 Chater Road CentralHong KongHong Kong,,ASIAN CONTEMPORARY ART & CHINESE 20TH CENTURY ART,Sculpture-Volume,2007/10,Signed dated Title,131# 1 / 4,,,683169.0,412479.0,P. 117 of the catalogue,Hong Kong Convention and Exhibition CentreHong KongHong Kong,1028,283579.0,Stainless steel/acrylic stand,,822380.0,,,"[435.0, 160.0, 245.0, 'cm']","""Artificial rock No. 131"""
ZHAN Wang (1962) ,2011-02-17,,Christie's 8 King StreetSt. James'sSW1Y 6QT LondonUnited Kingdom,POST-WAR AND CONTEMPORARY ART,Sculpture-Volume,2006,Signed dated lower right,5 / 6,,,54774.0,32220.0,P. 231 of the catalogue,,303,24165.0,Steel,,67742.0,,,"[30.0, 52.0, 30.0, 'cm']",Rock #22
ZHAN Wang (1962) ,2008-10-11,Borobudur Fine Art Auction Pte.Ltd. 60 Ubi Cresent #01-02Ubi Techpark408569 SingaporeSingapore,,ASIAN CONTEMPORARY AND MODERN ART,Sculpture-Volume,,,2 / 4,,,20256.0,33760.0,P. 265 of the catalogue,GRAND COPTHORNE WATERFRONT HOTEL 392 Havelock Road169663 SingaporeSingapore,147,24307.0,Steel (stainless),,24307.0,,,"[23.0, 57.0, 42.0, 'cm']",Artificial Rock No. 89
ZHAN Wang (1962) ,2008-10-05,Sotheby's 5/F One Pacific Place88 QueenswayHong KongHong Kong,,CONTEMPORARY CHINESE ART,Sculpture-Volume,2007,Signed dated Inscr.,1 / 8,,,167310.0,128700.0,P. 154-155 of the catalogue,"CONVENTION AND EXHIBITION CENTRE Suites 3101-3106, 31F One Pacific Place88 QueenswayHong KongHong Kong",412,102960.0,Steel,,203346.0,,5.0,,Artificial Rock Series - Rocks off
ZHAN Wang (1962) ,2009-03-11,,Christie's 20 Rockefeller Plaza10020 New York NYUnited States,POST-WAR AND CONTEMPORARY ART,Sculpture-Volume,1997,Signed dated,1 / 1,,,22000.0,18000.0,P. 64 of the catalogue,,117,12000.0,Steel (stainless),,27500.0,,,"[40.6, 23.4, 21.5, 'cm']",Gift from Heaven
ZHAN Wang (1962) ,2009-10-11,Borobudur Fine Art Auction Pte.Ltd. 60 Ubi Cresent #01-02Ubi Techpark408569 SingaporeSingapore,,,Sculpture-Volume,2006,Signed dated / verso,1 / 4,,,50169.0,43002.0,,GRAND COPTHORNE WATERFRONT HOTEL 392 Havelock Road169663 SingaporeSingapore,227,28668.0,Steel,,60202.0,,,"[65.0, 30.0, 21.0, 'cm']",Artificial Rock #62
ZHAN Wang (1962) ,2008-11-11,"China Guardian Auctions Co., Ltd. 2-603Henderson CenterNo.18 Jianguomen Nei Street100005 BeijingChina",,CHINESE OIL PAINTING AND SCULPTURE,Sculpture-Volume,2006,,1 / 4,,,176160.0,220200.0,P. 123 of the catalogue,THE KERRY CENTRE HOTEL BeijingChina,165,176160.0,Steel (stainless),,197299.0,,,"[131.0, 54.0, 33.0, 'cm']",Artificial Rock No.93
ZHAN Wang (1962) ,2008-10-20,,Sotheby's 34-35 New Bond StreetW1A 2AA LondonUnited Kingdom,CONTEMPORARY ART,Sculpture-Volume,2000,Signed dated,1 / 4,,,77841.0,172980.0,P. 134-135 of the catalogue,,189,121086.0,Steel,,95571.0,,,"[140.0, 220.0, 120.0, 'cm']",Ornamental Rock
ZHAN Wang (1962) ,2009-04-06,Sotheby's 5/F One Pacific Place88 QueenswayHong KongHong Kong,,CONTEMPORARY ASIAN ART,Sculpture-Volume,2006,Signed dated,1 / 4,,,90370.0,58095.0,P. 14 of the catalogue,CONVENTION AND EXHIBITION CENTRE 1 Expo DriveHong KongChina,606,41312.0,Steel,,111026.0,,,,Artificial Rock
ZHAN Wang (1962) ,2008-10-18,Phillips de Pury & Company Howick PlaceSW1P 1BB LondonUnited Kingdom,,CONTEMPORARY ART,Sculpture-Volume,2002,,,,,60609.0,77925.0,P. 137 of the catalogue,25-26 Albemarle StreetW1S 4HX LondonUnited Kingdom,105,60609.0,Steel (stainless),,74895.0,,,"[80.0, 45.0, 52.0, 'cm']",Artificial Rock 73
ZHAN Wang (1962) ,2008-10-18,Phillips de Pury & Company Howick PlaceSW1P 1BB LondonUnited Kingdom,,CONTEMPORARY ART,Photography,2006,Signed dated Title lower right,Ed. 8,,,8658.0,12121.0,P. 272 of the catalogue,25-26 Albemarle StreetW1S 4HX LondonUnited Kingdom,238,8658.0,C print,,10822.0,,,"[121.9, 177.8, 'cm']","""Urban LAndscape-Beijing"""
ZHAN Wang (1962) ,2009-07-05,"Shanghai Dowmin Auctions Co.Ltd. 16th Floor,No.85 Huaihai Dong Road上海市淮海东路85号16楼200021 ShanghaiChina",,CHINESE OIL PAINTINGS & SCULPTURES,Sculpture-Volume,2006,Signed dated,2 / 4,,,26388.0,29320.0,P. 15 of the catalogue,"16th Floor,No.85 Huaihai Dong Road200021 ShanghaiChina",4,26388.0,Steel,,29554.0,,,"[80.0, 50.0, 35.0, 'cm']",Artificial rock 90#
ZHAN Wang (1962) ,2009-04-06,Sotheby's 5/F One Pacific Place88 QueenswayHong KongHong Kong,,CONTEMPORARY ASIAN ART,Sculpture-Volume,2006,Signed dated,1 / 1,,,15492.0,19365.0,P. 105 of the catalogue,CONVENTION AND EXHIBITION CENTRE 1 Expo DriveHong KongChina,683,12264.0,Steel (stainless),,19365.0,,,"[62.0, 30.0, 22.0, 'cm']",Untitled
ZHAN Wang (1962) ,2008-10-20,,Sotheby's 34-35 New Bond StreetW1A 2AA LondonUnited Kingdom,CONTEMPORARY ART,Sculpture-Volume,2007,Signed dated,3 / 8,,,,207588.0,P. 148-149 of the catalogue,,200,138392.0,Aluminium,,,,5.0,,Rocks Off
ZHAN Wang (1962) ,2008-11-12,,Sotheby's 1334 York Avenue10021 New York NYUnited States,CONTEMPORARY ART,Sculpture-Volume,1997,Signed dated,1 / 1,,,30000.0,60000.0,P. 324 of the catalogue,,613,40000.0,Steel (stainless),,37500.0,,2.0,"[39.29, 23.5, 20.3, 'cm']",Cifts from Heaven
ZHAN Wang (1962) ,2008-11-11,"China Guardian Auctions Co., Ltd. 2-603Henderson CenterNo.18 Jianguomen Nei Street100005 BeijingChina",,CHINESE OIL PAINTING AND SCULPTURE,Sculpture-Volume,2001,,2 / 4,,,293600.0,367000.0,P. 127 of the catalogue,THE KERRY CENTRE HOTEL BeijingChina,166,293600.0,Steel (stainless),,328832.0,,,"[245.0, 160.0, 90.0, 'cm']",Artificial Rock No.42
ZHAN Wang (1962) ,2009-05-13,,Sotheby's 1334 York Avenue10021 New York NYUnited States,CONTEMPORARY ART,Sculpture-Volume,2001,Signed dated,1 / 4,,,180000.0,350000.0,P. 331 of the catalogue,,471,250000.0,Steel (stainless),,218500.0,,,"[210.0, 165.0, 195.0, 'cm']",Artificial Rock No.40
ZHAN Wang (1962) ,2008-10-05,Sotheby's 5/F One Pacific Place88 QueenswayHong KongHong Kong,,CONTEMPORARY CHINESE ART,Sculpture-Volume,2006,Signed dated Inscr.,1 / 4,,,77220.0,57915.0,P. 152 of the catalogue,"CONVENTION AND EXHIBITION CENTRE Suites 3101-3106, 31F One Pacific Place88 QueenswayHong KongHong Kong",410,45045.0,"Sculpture (stainless steel, wood)",,95238.0,,,,Artificial Rock Series
ZHAN Wang (1962) ,2009-06-29,Phillips de Pury & Company Howick PlaceSW1P 1BB LondonUnited Kingdom,,CONTEMPORARY ART,Sculpture-Volume,2007,Signed dated Inscr.,8,,,99174.0,148761.0,P. 128-129 of the catalogue,10 Salem RoadW2 4DL LondonUnited Kingdom,126,115703.0,Aluminium (polished in 5 parts),,121074.0,,5.0,,Rocks off (from China Chair Project)
ZHAN Wang (1962) ,2008-11-14,,Phillips de Pury & Company 450 West 15 Street10011 New York NYUnited States,CONTEMPORARY ART,Photography,2005,Signed dated Title,,,,,15000.0,P. 272 of the catalogue,,410,10000.0,C print,,,,,"[121.9, 177.8, 'cm']","""Urban Landscape-Chicago"""
ZHAN Wang (1962) ,2009-07-01,,Christie's 8 King StreetSt. James'sSW1Y 6QT LondonUnited Kingdom,POST-WAR AND CONTEMPORARY ART,Sculpture-Volume,2005,,1 / 4,,,,41420.0,P. 155 of the catalogue,,295,29822.0,Steel,,,,,"[75.0, 35.0, 33.0, 'cm']",Artificial Rock no. 90
ZHAN Wang (1962) ,2009-10-06,Sotheby's 5/F One Pacific Place88 QueenswayHong KongHong Kong,,CONTEMPORARY ASIAN ART,Sculpture-Volume,2006,Signed dated,3 / 4,,,96750.0,64500.0,P. 71 of the catalogue,CONVENTION AND EXHIBITION CENTRE 1 Expo DriveHong KongChina,641,51600.0,Steel (stainless)/wooden base,,118680.0,,,"[98.0, 62.0, 46.0, 'cm']",Artificial Rock Series
ZHAN Wang (1962) ,2009-04-06,Sotheby's 5/F One Pacific Place88 QueenswayHong KongHong Kong,,CONTEMPORARY ASIAN ART,Sculpture-Volume,2006,Signed dated,1 / 1,,,116190.0,193650.0,P. 107 of the catalogue,CONVENTION AND EXHIBITION CENTRE 1 Expo DriveHong KongChina,684,129100.0,"Mixed media sculpture (stainless steel, granite)",,142010.0,,12.0,,Untitled
ZHAN Wang (1962) ,2008-11-12,,Sotheby's 1334 York Avenue10021 New York NYUnited States,CONTEMPORARY ART,Sculpture-Volume,2001,,,,,250000.0,400000.0,P. 305 of the catalogue,,600,300000.0,Steel (polished stainless)/black metal base,,302500.0,,,"[248.9, 198.1, 130.8, 'cm']",Artificial Rock #42
ZHAN Wang (1962) ,2009-04-06,Sotheby's 5/F One Pacific Place88 QueenswayHong KongHong Kong,,CONTEMPORARY ASIAN ART,Photography,2002,Signed dated Title,5 / 8,,,5164.0,7746.0,P. 105 of the catalogue,CONVENTION AND EXHIBITION CENTRE 1 Expo DriveHong KongChina,682,5164.0,Chromogenic print,,6455.0,,,"[60.0, 280.0, 'cm']","""Urban Landscape-Beijing"""
ZHAN Wang (1962) ,2009-05-25,Christie's 22nd floor Alexandra House18 Chater Road CentralHong KongHong Kong,,ASIAN CONTEMPORARY ART,Sculpture-Volume,2005,,Ed. 3,,,103200.0,122550.0,P. 23 of the catalogue,Convention Hall Hong Kong Convention and Exhibition CentreNo 1 Harbour RoudWanchaiHong KongChina,1032,83850.0,Steel,,126420.0,,,"[100.0, 'cm']",Scholar rock
ZHAN Wang (1962) ,2009-10-06,Sotheby's 5/F One Pacific Place88 QueenswayHong KongHong Kong,,CONTEMPORARY ASIAN ART,Sculpture-Volume,2005,Signed dated,4 / 4,,,167700.0,232200.0,P. 73 of the catalogue,CONVENTION AND EXHIBITION CENTRE 1 Expo DriveHong KongChina,642,154800.0,Steel,,203820.0,,,"[170.2, 157.5, 106.7, 'cm']",Ornament Rock No. 71
ZHAN Wang (1962) ,2008-07-02,,Sotheby's 34-35 New Bond StreetW1A 2AA LondonUnited Kingdom,CONTEMPORARY ART,Sculpture-Volume,,Signed dated -05,2 / 4,,,59820.0,29910.0,P. 194 of the catalogue,,408,19940.0,Steel (stainless),,74276.0,,,"[55.0, 31.0, 16.0, 'cm']",Little Ornamental Rock
ZHAN Wang (1962) ,2007-10-07,Sotheby's 5/F One Pacific Place88 QueenswayHong KongHong Kong,,CONTEMPORARY CHINESE ART PART II,Sculpture-Volume,2005,Signed dated,3 / 4,,,258000.0,193500.0,P. 201 of the catalogue,Hong KongChina,715,129000.0,Metal (stainless steel)/blackened steel stand,,310567.0,,,"[280.5, 120.0, 60.0, 'cm']",Artificial Rock Series
ZHAN Wang (1962) ,2008-06-30,Xiling Yinshe Auction 127 Qingyin Lane310003 HangzhouChina,,CONTEMPORARY CHINESE SCULPTURE,Sculpture-Volume,2005,Signed dated,3 / 4,,,55442.0,58360.0,P. 37 of the catalogue,Zhejiang Narada Grand Hotel Grand Ballroom 3F122 Shuguang RoadHangzhouChina,121,43770.0,Steel,,62095.0,,,"[24.0, 63.0, 47.0, 'cm']",Artificial rock 89#
ZHAN Wang (1962) ,2008-04-28,,"China Guardian Auctions Co., Ltd. 2-603Henderson CenterNo.18 Jianguomen Nei Street100005 BeijingChina",CHINESE OIL PAINTINGS AND SCULPTURES,Sculpture-Volume,2005,,,,,68592.0,50015.0,P. 299 of the catalogue,,237,35725.0,Steel,,76823.0,,,"[64.0, 35.0, 23.0, 'cm']",No.65 scholar's stone
ZHAN Wang (1962) ,2008-03-17,,Sotheby's 1334 York Avenue10021 New York NYUnited States,CONTEMPORARY ART ASIA,Sculpture-Volume,2001,Signed dated,1 / 4,,,,350000.0,P. 130 of the catalogue,,73,250000.0,Steel (stainless),,,,,"[210.0, 165.0, 195.0, 'cm']",Artificial Rock No.40
ZHAN Wang (1962) ,2007-12-08,Koller Hardturmstrasse 1028031 Zürich ZHSwitzerland,,CONTEMPORARY CHINESE ART,Sculpture-Volume,2006,Signed,2 / 4,,,,70792.0,P. 76 of the catalogue,Zürich ZHSwitzerland,172,53094.0,Metal (stainless steel),,,,,"[80.0, 50.0, 35.0, 'cm']",Artificial Rock No.90
ZHAN Wang (1962) ,2008-03-17,,Sotheby's 1334 York Avenue10021 New York NYUnited States,CONTEMPORARY ART ASIA,Sculpture-Volume,2001,Signed dated,3 / 3,,,230000.0,250000.0,P. 127 of the catalogue,,72,180000.0,Steel (stainless),,277000.0,,,"[227.0, 130.0, 98.0, 'cm']",Artificial Rock No.31
ZHAN Wang (1962) ,2008-04-09,Sotheby's 5/F One Pacific Place88 QueenswayHong KongHong Kong,,THE ESTELLA COLLECTION,Sculpture-Volume,2004,Signed dated,4 / 4,,,216353.0,154079.0,P. 219 of the catalogue,CONVENTION AND EXHIBITION CENTRE 5/F Standard Chartered Bank Blding4-4A Des Voeux Road CentralHong KongHong Kong,1190,121979.0,Steel/metal stand,"Jerusalem, The Israel Musem, 2007-08",247489.0,Estella Collection,,"[220.0, 129.0, 70.0, 'cm']",Artificial Rock Series #29
ZHAN Wang (1962) ,2008-04-09,Sotheby's 5/F One Pacific Place88 QueenswayHong KongHong Kong,,CONTEMPORARY CHINESE ART,Sculpture-Volume,1997,Signed dated,1 / 1,,,44297.0,57778.0,P. 191 of the catalogue,CONVENTION AND EXHIBITION CENTRE 1 Expo DriveHong KongChina,1005,44938.0,Steel (stainless),,54889.0,,2.0,,Gifts from Heaven
ZHAN Wang (1962) ,2007-11-15,Phillips de Pury & Company 450 West 15 Street10011 New York NYUnited States,,PART I CONTEMPORARY ART,Sculpture-Volume,2006,,,,,280000.0,200000.0,P. 91 of the catalogue,New York NYUnited States,40,150000.0,Metal (polished stainless steel). Ed.4,,337000.0,,,"[170.2, 157.5, 106.7, 'cm']",Ornamental Rock No.71
ZHAN Wang (1962) ,2008-06-30,Phillips de Pury & Company Howick PlaceSW1P 1BB LondonUnited Kingdom,,CONTEMPORARY ART,Sculpture-Volume,2007,,,,,219494.0,299310.0,P. 182-183 of the catalogue,25-26 Albemarle StreetW1S 4HX LondonUnited Kingdom,461,199540.0,Aluminium (polished),,265887.0,,5.0,,"Rocks off, from China Chair Project"
ZHAN Wang (1962) ,2008-05-16,Phillips de Pury & Company 450 West 15 Street10011 New York NYUnited States,,CONTEMPORARY ART,Sculpture-Volume,1997,Signed dated,,,,28500.0,40000.0,P. 32 of the catalogue,United States,225,30000.0,Steel (stainless),,34600.0,,2.0,,Gifts from Heaven
ZHAN Wang (1962) ,2008-02-28,Phillips de Pury & Company Howick PlaceSW1P 1BB LondonUnited Kingdom,,EVENING SALE - CONTEMPORARY ART,Sculpture-Volume,2006,Signed dated,,,,258440.0,298200.0,P. 267 of the catalogue,LondonUnited Kingdom,200,198800.0,Steel (polished stainless),"Shanghai, MoCA, 2006",311122.0,,,"[105.0, 113.0, 238.0, 'cm']",Ornamental Rock
ZHAN Wang (1962) ,2008-05-14,,Christie's 20 Rockefeller Plaza10020 New York NYUnited States,POST-WAR AND CONTEMPORARY ART,Sculpture-Volume,2005,Signed high left,2 / 8,,,55000.0,60000.0,P. 53 of the catalogue,,325,40000.0,Steel (stainless),,67000.0,,,"[114.3, 88.9, 33.0, 'cm']",Untitled
ZHAN Wang (1962) ,2007-05-24,Tajan (S.V.V.) 37 rue des Mathurins75008 ParisFrance,,Art d'après-guerre & contemporain - Art contemporain chinois,Sculpture-Volume,1997,Signed dated,1 / 1,,,,53836.0,P. 95 of the catalogue,"ESPACE TAJAN 37, rue des Mathurins75008 ParisFrance",90,47106.0,Metal (métal chromé) (2),,,,2.0,"[37.0, 24.0, 21.0, 'cm']",Gifts from Heaven
ZHAN Wang (1962) ,2008-05-27,,"China Guardian Auctions Co., Ltd. 2-603Henderson CenterNo.18 Jianguomen Nei Street100005 BeijingChina",CHINESE CONTEMPORARY ART COMMUNITY DISASTER RELIEF CHARITY AUCTION,Sculpture-Volume,2005,,,"€ 18,314 $ 28,880 £ 14,580 (CNY 200,000)",,,,P. 10 of the catalogue,,3,,Fiberglass,,,To the benefit of the Community Disaster Relief,,"[52.0, 30.0, 29.0, 'cm']",Rescue stone - Rockery
ZHAN Wang (1962) ,2008-07-01,,Christie's 8 King StreetSt. James'sSW1Y 6QT LondonUnited Kingdom,POST-WAR & CONTEMPORARY ART - AFTERNOON SESSION,Sculpture-Volume,1997,Signed dated,1 / 1,,,59805.0,39870.0,P. 140 of the catalogue,,375,29902.0,Steel (stainless),,74257.0,,2.0,"[39.0, 21.0, 21.0, 'cm']",Gifts from Heaven
ZHAN Wang (1962) ,2008-09-17,,Sotheby's 1334 York Avenue10021 New York NYUnited States,CONTEMPORARY ART ASIA,Sculpture-Volume,1998,Initial. d -98,,,,25000.0,40000.0,P. 147 of the catalogue,,95,30000.0,Steel (stainless) & carved stone,,31250.0,,2.0,"[20.0, 37.0, 26.0, 'cm']",Gifts from Heaven
ZHAN Wang (1962) ,2007-11-25,Christie's 22nd floor Alexandra House18 Chater Road CentralHong KongHong Kong,,ASIAN CONTEMPORARY ART,Sculpture-Volume,2005,Signed dated,7 / 8,,,141460.0,64300.0,P. 149 of the catalogue,CONVENTION AND EXHIBITION CENTRE 1 Expo DriveHong KongChina,503,51440.0,Metal (stainless steel),,170716.0,,,"[110.0, 29.0, 64.0, 'cm']",Artificial Scholar Rock
ZHAN Wang (1962) ,2008-10-05,Sotheby's 5/F One Pacific Place88 QueenswayHong KongHong Kong,,CONTEMPORARY CHINESE ART,Sculpture-Volume,2006,Signed dated Inscr.,2 / 4,,,,45045.0,P. 156 of the catalogue,"CONVENTION AND EXHIBITION CENTRE Suites 3101-3106, 31F One Pacific Place88 QueenswayHong KongHong Kong",413,32175.0,Steel (stainless),,,,,"[36.0, 80.0, 40.0, 'cm']","Artificial Rock Series, No.90"
ZHAN Wang (1962) ,2007-05-18,Phillips de Pury & Company 450 West 15 Street10011 New York NYUnited States,,Contemporary Art,Sculpture-Volume,2006,Signed dated,,,,62000.0,40000.0,P. 11 of the catalogue,New York NYUnited States,107,30000.0,Metal (polished stainless steel),,74400.0,,,"[86.4, 61.0, 66.0, 'cm']",Artificial Rock #67
ZHAN Wang (1962) ,2008-04-29,Tajan (S.V.V.) 37 rue des Mathurins75008 ParisFrance,,ART D'APRES-GUERRE ET CONTEMPORAIN,Sculpture-Volume,1997,Signed dated,1 / 1,,,,31276.0,P. 60 of the catalogue,"ESPACE TAJAN 37, rue des Mathurins75008 ParisFrance",37,23457.0,Metal (chromé),,,,,"[35.0, 20.0, 20.0, 'cm']","Gift from heaven, single Stone"
ZHAN Wang (1962) ,2008-03-17,,Sotheby's 1334 York Avenue10021 New York NYUnited States,CONTEMPORARY ART ASIA,Sculpture-Volume,2006,Signed dated,1 / 4,,,155000.0,250000.0,P. 259 of the catalogue,,159,150000.0,Steel (stainless),,187000.0,,,"[200.0, 96.5, 51.0, 'cm']",Artificial Rock No.70
ZHAN Wang (1962) ,2008-05-22,"Beijing Council International Auctions 23F, Tower 1A, Wang jing SOHO, No.1 Futong East Avenue北京市 朝阳区 阜通东大街1号院Chaoyang District (朝阳区)100102 BeijingChina",,CHINESE PHOTOGRAPHY AND SCULPTURES,Print-Multiple,2000,Signed Dated / base,42 / 46,,,,2010.0,P. 131 of the catalogue,"9/F,Tower B, Jiacheng PlazaNo.18 Xiaguang Li, Dong Sanhuan Bei RoadChaoyang District100027 BeijingChina",779,1723.0,Lithograph in colors,,,,,"[73.0, 55.0, 'cm']",Make up the sky - Put a stainless steel made aerolite back to the outer space
ZHAN Wang (1962) ,2008-07-02,,Sotheby's 34-35 New Bond StreetW1A 2AA LondonUnited Kingdom,CONTEMPORARY ART,Sculpture-Volume,2006,Signed dated,2 / 4,,,498500.0,358920.0,P. 195 of the catalogue,,409,239280.0,Steel (stainless),,600692.0,,,"[266.7, 114.0, 60.0, 'cm']",Ornamental Rock
